Z,N,BE
0,1,0
1,0,0
1,1,2.224566
1,2,8.481798
2,1,7.718043
3,0,-6.801
1,3,5.601404
2,2,28.29566
3,1,4.615044
1,4,6.6818
2,3,27.40566
3,2,26.33066
4,1,-0.77
1,5,5.781798
2,4,29.268102
3,3,31.99407
4,2,26.923572
5,1,0.912
1,6,6.58
2,5,28.83349
3,4,39.244037
4,3,37.5998
5,2,24.719142
2,6,31.4078
3,5,41.276656
4,4,56.49948
5,3,37.737312
6,2,24.7824
2,7,30.137733
3,6,45.340551
4,5,58.164822
5,4,56.31444
6,3,39.037284
2,8,30.33927
3,7,45.31555
4,6,64.97711
5,5,64.75071
6,4,60.32041
7,3,36.4366
3,8,45.640144
4,7,65.481042
5,6,76.204821
6,5,73.44007
7,4,59.004495
3,9,44.412
4,8,68.649912
5,7,79.575168
6,6,92.161728
7,5,74.041296
8,4,58.54908
4,9,68.54991
5,8,84.453226
6,7,97.108037
7,6,94.105219
8,5,75.555922
4,10,69.914558
5,9,85.42303
6,8,105.284466
7,7,104.658596
8,6,98.732312
9,5,73.304
4,11,68.145
5,10,88.18575
6,9,106.502535
7,8,115.491885
8,7,111.95538
9,6,97.253265
4,12,68.336
5,11,88.147648
6,10,110.752864
7,9,117.980992
8,8,127.619296
9,7,111.419696
10,6,97.321152
5,12,89.529837
6,11,111.479472
7,10,123.864601
8,9,131.762427
9,8,128.219576
10,7,112.928025
5,13,89.046
6,12,115.663446
7,11,126.69282
8,10,139.80645
9,9,137.36889
10,8,132.143076
11,7,112.487922
5,14,90.079
6,13,116.240271
7,12,132.016465
8,11,143.761391
9,10,147.801285
10,9,143.780125
11,8,131.822399
12,7,110.926769
6,14,119.17466
7,13,134.1848
8,12,151.3701
9,11,154.40262
10,10,160.6448
11,9,145.97282
12,8,134.46784
6,15,118.839
7,14,138.770079
8,13,155.175972
9,12,162.50409
10,11,167.405973
11,10,163.076004
12,9,149.198994
13,8,133.203
6,16,119.592
7,15,140.05387
8,14,162.026062
9,13,167.734468
10,12,177.77023
11,11,174.145598
12,10,168.577772
13,9,149.226
14,8,134.442
7,16,141.772
8,15,164.76855
9,14,175.26943
10,13,182.970865
11,12,186.564339
12,11,181.725898
13,10,168.700216
14,9,150.926
7,17,140.688
8,16,168.38244
9,15,179.110968
10,14,191.839656
11,13,193.523904
12,12,198.257016
13,11,183.598056
14,10,172.004088
15,9,149.976
7,18,139.8
8,17,168.075
9,16,183.4691
10,15,196.067525
11,14,202.534925
12,13,205.5876
13,12,200.5286
14,11,187.00575
15,10,171.175
8,18,167.882
9,17,184.541344
10,16,201.601166
11,15,208.11076
12,14,216.680672
13,13,211.894046
14,12,206.046022
15,11,187.148
16,10,171.366
8,19,166.725
9,18,185.957586
10,17,203.032143
11,16,214.837191
12,15,223.124058
13,14,224.951715
14,13,219.357018
15,12,206.907399
16,11,187.866
8,20,165.9
9,19,185.724
10,18,206.92882
11,17,218.380316
12,16,231.627368
13,15,232.676808
14,14,236.536832
15,13,221.420444
16,12,209.40612
17,11,186.144
9,20,186.731
10,19,208.186853
11,18,222.797372
12,17,235.299069
13,16,242.113025
14,15,245.010386
15,14,239.285612
16,13,224.710241
17,12,207.611
9,21,186.18
10,20,211.21401
11,19,225.17262
12,18,241.66203
13,17,247.84143
14,16,255.61959
15,15,250.60488
16,14,243.68451
17,13,224.4
18,12,207.96
9,22,186.868
10,21,211.544
11,20,228.950252
12,19,244.04006
13,18,254.993941
14,17,262.20699
15,16,262.916518
16,15,256.737939
17,14,243.978091
18,13,224.843
10,22,213.184
11,21,230.611872
12,20,249.848768
13,19,259.1736
14,18,271.410208
15,17,270.85216
16,16,271.780288
17,15,258.312032
18,14,246.400096
19,13,223.008
10,23,212.52
11,22,232.858362
12,21,252.071226
13,20,264.712338
14,19,275.893266
15,18,280.955763
16,17,280.421922
17,16,274.057014
18,15,261.65535
19,14,244.728
10,24,213.486
11,23,233.07
12,22,256.228012
13,21,267.186756
14,20,283.428692
15,19,287.247266
16,18,291.839034
17,17,285.564674
18,16,278.71976
19,15,261.052
20,14,245.616
11,24,234.325
12,23,256.97
13,22,272.455785
14,21,285.903555
15,20,295.618645
16,19,298.824925
17,18,298.20973
18,17,291.461275
19,16,278.80041
20,15,262.255
11,25,234
12,24,259.74
13,23,274.614948
14,22,292.097052
15,21,299.083176
16,20,308.713932
17,19,306.789372
18,18,306.716724
19,17,293.128992
20,16,281.359836
21,15,260.244
11,26,234.765
12,25,259.999
13,24,278.521903
14,23,294.265884
15,22,305.897685
16,21,313.017558
17,20,317.10036
18,19,315.504143
19,18,308.574339
20,17,296.15355
21,16,279.35
12,26,262.314
13,25,280.488944
14,24,299.824484
15,23,309.73268
16,22,321.053716
17,21,323.20824
18,20,327.342374
19,19,320.646166
20,18,313.122356
21,17,295.222
22,16,280.402
12,27,261.807
13,26,283.214451
14,25,301.900326
15,24,315.91989
16,23,325.426062
17,22,331.281678
18,21,333.941127
19,20,333.72378
20,19,326.408823
21,18,312.520104
22,17,296.088
12,28,263.24
13,27,283.4
14,26,306.43276
15,25,319.22432
16,24,333.20172
17,23,337.1106
18,22,343.81036
19,21,341.52332
20,20,342.05204
21,19,326.94664
22,18,314.49132
23,17,294.52
13,28,285.032
14,27,306.40858
15,26,324.465308
16,25,337.425572
17,24,344.931278
18,23,349.909211
19,22,351.618501
20,21,350.414823
21,20,343.137118
22,19,329.394
23,18,313.117
13,29,285.138
14,28,309.624
15,27,326.321268
16,26,344.155266
17,25,350.608398
18,24,359.335746
19,23,359.15229
20,22,361.895478
21,21,354.68727
22,20,346.905258
23,19,329.154
24,18,314.244
14,29,309.428
15,28,329.565502
16,27,346.514339
17,26,357.934924
18,25,364.994191
19,24,368.795305
20,23,369.828337
21,22,366.825303
22,21,359.176119
23,20,347.096
24,19,330.412
14,30,311.344
15,29,331.32
16,28,351.736572
17,27,362.069092
18,26,373.728784
19,25,376.08296
20,24,380.95948
21,23,376.524764
22,22,375.474792
23,21,361.260372
24,20,349.844
25,19,329.164
15,30,333.585
16,29,353.944395
17,28,368.272035
18,27,378.897615
19,26,384.95286
20,25,388.3743
21,24,387.8478
22,23,385.003395
23,22,377.094915
24,21,363.398175
25,20,348.75
26,19,329.31
15,31,334.052
16,30,358.064
17,29,372.688964
18,28,386.918466
19,27,391.834302
20,26,398.76871
21,25,396.608412
22,24,398.192376
23,23,390.359634
24,22,381.97802
25,21,364.09
26,20,350.198
16,31,358.845
17,30,376.564
18,29,391.177522
19,28,400.183568
20,27,406.045079
21,26,407.254765
22,25,407.072687
23,24,403.359969
24,23,395.133982
25,22,382.063
26,21,365.613
27,20,347.518
16,32,361.728
17,31,378.816
18,30,397.056
19,29,404.682576
20,28,415.990416
21,27,415.490064
22,26,418.699344
23,25,413.904624
24,24,411.46608
25,23,397.188
26,22,385.248
27,21,364.656
28,20,347.136
16,33,360.983
17,32,381.906
18,31,399.546
19,30,410.949231
20,29,421.13687
21,28,425.617626
22,27,426.841695
23,26,425.457494
24,25,422.048711
25,24,413.551474
26,23,399.742
27,22,383.964
28,21,364.609
17,33,382.95
18,32,404
19,31,414.0534
20,30,427.48975
21,29,431.67345
22,28,437.7809
23,27,434.79345
24,26,435.04905
25,25,426.634
26,24,417.7004
27,23,399.65
28,22,385.45
17,34,384.846
18,33,405.348
19,32,418.761
20,31,431.853516
21,30,438.42609
22,29,444.15339
23,28,445.844601
24,27,444.309654
25,26,440.319873
26,25,431.518497
27,24,417.792
28,23,401.166
18,34,408.616
19,33,421.044
20,32,436.57068
21,31,443.635764
22,30,451.961692
23,29,453.15582
24,28,456.349088
25,27,450.855288
26,26,447.699096
27,25,432.484
28,24,420.472
29,23,399.672
18,35,409.107
19,34,424.901
20,33,440.006
21,32,448.963
22,31,457.396996
23,30,461.634664
24,29,464.288215
25,28,462.909049
26,27,458.384121
27,26,449.301246
28,25,435.236
29,24,418.541
19,35,426.384
20,34,444.096
21,33,453.640662
22,32,464.233896
23,31,467.748108
24,30,474.007356
25,29,471.847842
26,28,471.762576
27,27,462.737286
28,26,453.156174
29,25,434.862
30,24,418.932
19,36,429.33
20,35,446.38
21,34,457.07376
22,33,468.381155
23,32,475.079935
24,31,480.25362
25,30,482.07434
26,29,481.0608
27,28,476.826625
28,27,467.352325
29,26,452.87
30,25,435.38
20,36,449.792
21,35,460.824
22,34,473.718896
23,33,480.07988
24,32,488.498696
25,31,489.3448
26,30,492.258088
27,29,486.909752
28,28,483.991704
29,27,467.88
30,26,454.272
31,25,432.488
20,37,451.554
21,36,464.322
22,35,476.397336
23,34,486.259818
24,33,493.812888
25,32,497.993211
26,31,499.904193
27,30,498.285906
28,29,494.241357
29,28,484.686618
30,27,469.395
31,26,451.725
21,37,466.9
22,36,481.69
23,35,490.35114
24,34,501.19482
25,33,504.48458
26,32,509.948818
27,31,506.858926
28,30,506.458378
29,29,497.110402
30,28,486.963708
31,27,467.886
32,26,451.472
21,38,469.817
22,37,484.213
23,36,495.280279
24,35,505.322905
25,34,512.128614
26,33,516.529837
27,32,517.312767
28,31,515.45763
29,30,509.876879
30,29,499.997801
31,28,486.101
32,27,468.165
21,39,471.84
22,38,488.7
23,37,498.86232
24,36,512.00658
25,35,517.89822
26,34,525.34986
27,33,524.8047
28,32,526.84542
29,31,519.9351
30,30,514.99638
31,29,500.04
32,28,487.02
33,27,464.88
22,39,490.806
23,38,503.738
24,37,515.754695
25,36,524.347399
26,35,530.930702
27,34,534.125394
28,33,534.665549
29,32,531.645927
30,31,525.225433
31,30,515.188066
32,29,501.054
33,28,484.584
22,40,494.884
23,39,506.85
24,38,522.059902
25,37,528.901788
26,36,538.981376
27,35,540.729776
28,34,545.262038
29,33,540.531438
30,32,538.122676
31,31,528.16932
32,30,517.638
33,29,499.596
22,41,496.503
23,40,511.434
24,39,525.231
25,38,535.285485
26,37,543.697812
27,36,549.209997
28,35,552.099807
29,34,551.384442
30,33,547.235577
31,32,540.787338
32,31,530.397
33,30,516.474
23,41,513.984
24,40,530.944
25,39,539.622336
26,38,550.99392
27,37,555.2336
28,36,561.757888
29,35,559.30048
30,34,559.097472
31,33,551.145856
32,32,545.879104
33,31,530.24
23,42,517.92
24,41,533.65
25,40,545.74962
26,39,555.17254
27,38,562.682185
28,37,567.85599
29,36,569.21124
30,35,567.076835
31,34,563.04001
32,33,556.015135
33,32,545.805
34,31,530.985
24,42,538.758
25,41,549.384
26,40,561.939444
27,39,567.694908
28,38,576.807528
29,37,576.277152
30,36,578.135976
31,35,572.178618
32,34,569.296266
33,33,558.391812
34,32,547.8
24,43,541.025
25,42,554.626
26,41,566.129565
27,40,574.71595
28,39,582.61525
29,38,585.408949
30,37,585.188318
31,36,583.40518
32,35,578.40095
33,34,571.608624
34,33,560.656
35,32,546.184
25,43,557.872
26,42,571.636696
27,41,579.076644
28,40,590.407688
29,39,591.72852
30,38,595.386376
31,37,591.68296
32,36,590.794268
33,35,581.931352
34,34,576.46456
35,33,560.116
25,44,562.695
26,43,574.977
27,42,585.800133
28,41,594.993831
29,40,599.969007
30,39,601.868439
31,38,601.995882
32,37,598.986378
33,36,594.190119
34,35,586.622613
35,34,576.012
36,33,561.177
26,44,580.58
27,43,589.51207
28,42,602.23639
29,41,605.28027
30,40,611.08642
31,39,609.64953
32,38,610.52019
33,37,603.51788
34,36,600.43865
35,35,589.05
36,34,578.48
26,45,583.691
27,44,595.81354
28,43,606.361584
29,42,613.086562
30,41,616.919994
31,40,618.95102
32,39,617.936146
33,38,615.140379
34,37,609.580085
35,36,602.744702
36,35,591.822346
37,34,576.449
26,46,589.104
27,45,599.328
28,44,613.169424
29,43,618.2298
30,42,625.795848
31,41,625.471488
32,40,628.68564
33,39,623.547216
34,38,622.429488
35,37,612.76788
36,36,606.911256
37,35,590.328
27,46,605.097
28,45,617.142
29,44,625.504661
30,43,631.146101
31,42,634.652729
32,41,635.468577
33,40,634.345399
34,39,630.824025
35,38,625.452977
36,37,617.593432
37,36,606.338
38,35,591.154
27,47,608.428
28,46,623.746
29,45,630.595588
30,44,639.515918
31,43,641.074284
32,42,645.6648
33,41,642.32
34,40,642.890392
35,39,635.201422
36,38,631.444516
37,37,620.247724
38,36,608.28
27,48,613.725
28,47,627.375
29,46,636.780525
30,45,644.347425
31,44,649.5606
32,43,652.17015
33,42,652.56375
34,41,650.918025
35,40,647.1057
36,39,641.507925
37,38,633.623625
38,37,622.241325
28,48,633.156
29,47,641.708052
30,46,652.086308
31,45,655.463976
32,44,661.598088
33,43,659.892192
34,42,662.072328
35,41,656.327108
36,40,654.26994
37,39,644.9531
38,38,637.934804
39,37,621.604
28,49,636.328
29,48,647.416
30,47,656.743395
31,46,663.23103
32,45,667.670388
33,44,669.590537
34,43,669.491207
35,42,667.344216
36,41,663.496372
37,40,657.369097
38,39,649.566302
39,38,637.868
28,50,641.94
29,49,651.612
30,48,663.434928
31,47,669.01653
32,46,676.38987
33,45,676.562718
34,44,679.989024
35,43,675.63288
36,42,675.577968
37,41,667.552158
38,40,663.007488
39,39,651.612
40,38,639.99
29,50,657.28
30,49,667.55
31,48,675.89082
32,47,682.087501
33,46,685.453138
34,45,686.951847
35,44,686.3204
36,43,683.912322
37,42,679.490613
38,41,673.381464
39,40,665.479094
40,39,653.725
29,51,659.44
30,50,674.07976
31,49,680.58776
32,48,690.18544
33,47,692.0472
34,46,696.86552
35,45,694.21272
36,44,695.43336
37,43,688.93136
38,42,686.2844
39,41,676.4116
40,40,669.92856
30,51,676.431
31,50,687.507264
32,49,695.044881
33,48,700.492536
34,47,703.566405
35,46,704.369358
36,45,703.306233
37,44,700.28469
38,43,695.575188
39,42,689.282541
40,41,680.971293
41,40,669.141
30,52,680.846
31,51,690.686
32,50,702.436928
33,49,706.35456
34,48,712.842236
35,47,711.962376
36,46,714.273054
37,45,709.089342
38,44,708.127236
39,43,699.52888
40,42,694.786
41,41,682.732
30,53,682.758
31,52,695.042
32,51,705.749
33,50,713.982517
34,49,718.660231
35,48,721.546141
36,47,721.736543
37,46,720.047327
38,45,716.985623
39,44,711.734379
40,43,705.084004
41,42,696.801683
42,41,684.833
31,53,697.872
32,52,711.228
33,51,718.284
34,50,727.342644
35,49,728.407848
36,48,732.257148
37,47,728.793828
38,46,728.905296
39,45,721.636944
40,44,718.2
41,43,707.784
42,42,700.896
31,54,701.845
32,53,714.085
33,52,723.605
34,51,731.89046
35,50,737.290085
36,49,739.37777
37,48,739.282485
38,47,737.43535
39,46,733.39258
40,45,727.91722
41,44,721.1349
42,43,712.3
43,42,700.06
31,55,704.254
32,54,718.96
33,53,727.474
34,52,738.074016
35,51,742.3907
36,50,749.234322
37,49,747.933486
38,48,748.927646
39,47,742.905324
40,46,740.643782
41,45,731.883392
42,44,725.831056
43,43,713.714
32,55,721.404
33,54,732.366
34,53,742.186734
35,52,748.67937
36,51,754.749534
37,50,757.855521
38,49,757.355793
39,48,754.711776
40,47,750.258855
41,46,744.311535
42,45,737.040945
43,44,727.668
44,43,715.14
32,56,725.384
33,55,735.768
34,54,747.55428
35,53,753.625928
36,52,761.803592
37,51,763.93812
38,50,768.468448
39,49,764.06352
40,48,762.605184
41,47,754.272816
42,46,750.117456
43,45,739.376
44,44,731.544
32,57,727.041
33,56,739.679
34,55,750.982
35,54,759.53668
36,53,766.909351
37,52,771.11291
38,51,774.827236
39,50,775.537456
40,49,771.922276
41,48,766.921366
42,47,760.49254
43,46,752.584
44,45,743.417
45,44,730.779
33,57,742.05
34,56,755.73
35,55,763.65621
36,54,773.22393
37,53,776.83347
38,52,782.631
39,51,782.39448
40,50,783.8919
41,49,776.99862
42,48,773.72721
43,47,763.98426
44,46,757.26
45,45,744.39
33,58,745.563
34,57,758.212
35,56,768.61603
36,55,777.635677
37,54,783.288324
38,53,788.405982
39,52,790.323352
40,51,791.086387
41,50,789.046076
42,49,783.835507
43,48,776.833148
44,47,768.768
45,46,758.394
46,45,745.927
33,59,747.684
34,58,762.588
35,57,771.759204
36,56,783.18174
37,55,788.386364
38,54,795.69972
39,53,796.862968
40,52,799.721224
41,51,796.933256
42,50,796.507664
43,49,787.85488
44,48,782.552
45,47,770.684
46,46,762.036
34,59,764.739
35,58,776.271
36,57,786.485562
37,56,794.303235
38,55,800.987889
39,54,804.344166
40,53,806.455638
41,52,805.764555
42,51,804.57741
43,50,800.594127
44,49,793.474791
45,48,784.641
46,47,774.318
47,46,760.647
34,60,768.92
35,59,779.166
36,58,791.668
37,57,798.310322
38,56,807.815038
39,55,810.540756
40,54,814.676756
41,53,812.992088
42,52,814.254978
43,51,809.21686
44,50,806.848436
45,49,796.462
46,48,789.036
47,47,775.218
35,60,783.275
36,59,794.675
37,58,803.682235
38,57,812.16279
39,56,817.47063
40,55,821.139055
41,54,821.48077
42,53,821.62403
43,52,819.151085
44,51,815.80167
45,50,809.90939
46,49,800.945
47,48,790.115
48,47,775.96
35,61,786.048
36,60,799.68
37,59,807.124224
38,58,818.056224
39,57,822.6816
40,56,828.995328
41,55,828.37392
42,54,830.778336
43,53,827.022816
44,52,826.495296
45,51,819.320256
46,50,815.087904
47,49,802.656
48,48,793.44
35,62,790.162
36,61,802.675
37,60,812.327276
38,59,821.976739
39,58,828.663919
40,57,834.57054
41,56,836.447199
42,55,837.599656
43,54,836.49696
44,53,834.606721
45,52,830.301376
46,51,824.729017
47,50,816.966689
48,49,805.973
49,48,791.617
36,62,807.618
37,61,816.263854
38,60,827.905568
39,59,832.945022
40,58,840.9821
41,57,842.441418
42,56,846.24225
43,55,843.775982
44,54,844.790282
45,53,838.958302
46,52,836.30113
47,51,827.279446
48,50,821.06703
49,49,806.54
36,63,810.414
37,62,820.992447
38,61,831.516939
39,60,838.74978
40,59,845.535042
41,58,849.3111
42,57,852.167646
43,56,852.742638
44,55,852.254073
45,54,849.429207
46,53,845.260218
47,52,839.047869
48,51,831.402
49,50,821.997
50,49,807.147
36,64,815.2
37,63,824.9
38,62,837.6218
39,61,843.9145
40,60,852.4422
41,59,854.9948
42,58,860.4575
43,57,859.507
44,56,861.9274
45,55,857.5103
46,54,856.37
47,53,848.5098
48,52,843.8289
49,51,832.9666
50,50,824.7942
37,64,829.853471
38,63,840.881055
39,62,849.603718
40,61,857.366376
41,60,862.069037
42,59,865.855729
43,58,867.897949
44,57,868.729482
45,56,867.405473
46,55,864.643123
47,54,859.656955
48,53,853.398086
49,52,845.471
50,51,835.674
37,65,832.626
38,64,846.622644
39,63,854.655348
40,62,863.722944
41,61,867.545598
42,60,873.97323
43,59,874.199058
44,58,877.949088
45,57,874.8438
46,56,875.21151
47,55,868.768986
48,54,865.39962
49,53,855.648828
50,52,849.086454
38,65,849.132
39,64,859.741
40,63,868.423797
41,62,874.586493
42,61,879.334175
43,60,882.301811
44,59,884.181149
45,58,884.1623
46,57,882.836793
47,56,879.366723
48,55,874.442499
49,54,867.610097
50,53,859.226
51,52,847.587
38,66,854.048
39,65,863.824
40,64,874.432
41,63,879.5644
42,62,886.88704
43,61,888.262232
44,60,893.082632
45,59,891.161232
46,58,892.819096
47,57,887.75804
48,56,885.839032
49,55,877.188624
50,54,871.89128
51,53,858.728
38,67,856.38
39,66,868.35
40,65,878.535
41,64,886.264785
42,63,891.96744
43,62,896.134995
44,61,898.992675
45,60,900.128355
46,59,899.91321
47,58,897.786015
48,57,894.265785
49,56,888.634425
50,55,881.633445
51,54,871.40865
52,53,859.32
39,67,871.85
40,66,883.934
41,65,890.612
42,64,898.956108
43,63,901.69377
44,62,907.458474
45,61,906.71552
46,60,909.47417
47,59,905.726646
48,58,905.139512
49,57,897.83113
50,56,893.867472
51,55,882.026
52,54,873.092002
39,68,875.795
40,67,887.565
41,66,896.446
42,65,903.715259
43,64,909.092865
44,63,913.13051
45,62,915.288593
46,61,916.010629
47,60,915.262378
48,59,913.0631
49,58,908.855539
50,57,903.090379
51,56,894.413
52,55,883.499
39,69,878.904
40,68,892.62
41,67,900.288
42,66,910.116
43,65,914.01426
44,64,920.951856
45,63,921.51594
46,62,925.238592
47,61,922.53384
48,60,923.401944
49,59,917.482896
50,58,914.625864
51,57,904.284
52,56,896.742144
53,55,882.9
40,69,895.762
41,68,905.79
42,67,914.183
43,66,920.668282
44,65,926.201013
45,64,929.578596
46,63,931.392247
47,62,931.725896
48,61,930.729309
49,60,927.927355
50,59,923.2954
51,58,916.13301
52,57,906.703529
53,56,895.922666
40,70,900.46
41,69,909.37
42,68,920.48
43,67,925.16479
44,66,933.40335
45,65,935.41514
46,64,940.20608
47,63,938.53518
48,62,940.6452
49,61,935.98494
50,60,934.57144
51,59,925.54
52,58,919.43995
53,57,906.73
54,56,897.50276
41,70,914.418
42,69,924.186
43,68,931.49202
44,67,938.15868
45,66,943.067766
46,65,945.932454
47,64,947.366574
48,63,947.621097
49,62,945.976965
50,61,942.743646
51,60,936.904713
52,59,928.719129
53,58,919.413
54,57,908.091
41,71,917.728
42,70,929.936
43,69,936.346208
44,68,945.047936
45,67,948.523296
46,66,954.335984
47,65,953.841728
48,64,957.01536
49,63,953.64864
50,62,953.531488
51,61,945.688576
52,60,940.6068
53,59,929.6
54,58,921.707472
55,57,907.2
41,72,922.193
42,71,933.38
43,70,942.194
44,69,949.838337
45,68,955.53591
46,67,959.762901
47,66,962.321221
48,65,963.55552
49,64,963.093463
50,63,961.274502
51,62,956.5789
52,61,949.723868
53,60,941.72279
54,59,931.904446
55,58,920.733944
42,72,938.562
43,71,946.2
44,70,956.232
45,69,960.556248
46,68,967.63884
47,67,968.308704
48,66,972.59841
49,65,970.367316
50,64,971.573664
51,63,964.745862
52,62,961.336692
53,61,951.444
54,60,944.96937
55,59,931.608
56,58,922.264332
42,73,941.62
43,72,951.625
44,71,960.206645
45,70,967.20428
46,69,972.616525
47,68,976.418195
48,67,978.739355
49,66,979.403135
50,65,979.12012
51,64,975.305225
52,63,969.58225
53,62,963.07486
54,61,954.61155
55,60,944.84
56,59,933.455
43,73,955.376
44,72,966.28
45,71,971.802992
46,70,980.245588
47,69,982.070152
48,68,987.43956
49,67,986.187804
50,66,988.683544
51,65,983.194308
52,64,980.859692
53,63,972.300632
54,62,967.07286
55,61,955.26
56,60,947.024
43,74,960.57
44,73,969.93
45,72,978.12
46,71,984.886461
47,70,989.839071
48,69,993.216744
49,68,994.954194
50,67,995.62671
51,66,993.089214
52,65,988.758927
53,64,983.314215
54,63,976.282749
55,62,967.757895
56,61,957.762
57,60,946.296
43,75,963.942
44,74,975.86
45,73,982.35
46,72,991.893132
47,71,995.21082
48,70,1001.571374
49,69,1001.31083
50,68,1004.954198
51,67,1000.515156
52,66,999.454454
53,65,991.922042
54,64,988.247758
55,63,977.79579
56,62,971.022
57,61,957.452
44,75,979.251
45,74,988.533
46,73,996.149
47,72,1002.27393
48,71,1006.841626
49,70,1009.856253
50,69,1011.437763
51,68,1010.064503
52,67,1006.989186
53,66,1002.787891
54,65,997.034479
55,64,989.762746
56,63,981.265432
57,62,970.802
58,61,959.14
44,76,985.08
45,75,992.64
46,74,1002.71916
47,73,1007.43684
48,72,1014.97944
49,71,1015.95816
50,70,1020.54576
51,69,1017.0828
52,68,1017.28056
53,67,1010.88324
54,66,1008.48384
55,65,999.4176
56,64,993.63528
57,63,981.6
58,62,972.84
45,76,998.492
46,75,1006.841
47,74,1014.520144
48,73,1020.137811
49,72,1024.135409
50,71,1026.716097
51,70,1026.324783
52,69,1024.49853
53,68,1021.452234
54,67,1016.855444
55,66,1010.700779
56,65,1003.56069
57,64,994.378
58,63,983.972
59,62,971.993
45,77,1002.352
46,76,1013.454
47,75,1019.188
48,74,1027.878426
49,73,1029.943032
50,72,1035.52929
51,71,1033.131136
52,70,1034.332714
53,69,1029.316318
54,68,1027.809008
55,67,1019.81142
56,66,1015.498232
57,65,1004.67
58,64,997.106
59,63,983.442
46,77,1017.456
47,76,1025.943
48,75,1032.530634
49,74,1037.863176
50,73,1041.475194
51,72,1042.096467
52,71,1041.261912
53,70,1039.250985
54,69,1035.773898
55,68,1030.786617
56,67,1024.615584
57,66,1016.841
58,65,1007.616
59,64,996.915
46,78,1023.62
47,77,1030.564
48,76,1040.001392
49,75,1043.385104
50,74,1049.962684
51,73,1048.563964
52,72,1050.685852
53,71,1046.743892
54,70,1046.256696
55,69,1039.545568
56,68,1036.12168
57,67,1026.508208
58,66,1020.272
59,65,1007.872
60,64,998.448
47,78,1037
48,77,1044.7205
49,76,1051.06025
50,75,1055.695875
51,74,1057.2705
52,73,1057.254875
53,72,1056.28675
54,71,1053.86
55,70,1049.973125
56,69,1044.77125
57,68,1038.08025
58,67,1030.25
59,66,1020.625
60,65,1009.625
47,79,1041.264
48,78,1051.760682
49,77,1056.464388
50,76,1063.889064
51,75,1063.48473
52,74,1066.368492
53,73,1063.432062
54,72,1063.907712
55,71,1058.301846
56,70,1055.844468
57,69,1047.365676
58,68,1042.430382
59,67,1031.058
60,66,1022.994
61,65,1008.882
47,80,1047.242
48,79,1056.021764
49,78,1063.707423
50,77,1069.43906
51,76,1071.857648
52,75,1072.656351
53,74,1072.576087
54,73,1071.131335
55,72,1068.268247
56,71,1064.061499
57,70,1058.359326
58,69,1051.656774
59,68,1043.305
60,67,1033.526
61,66,1022.35
47,81,1051.136
48,80,1062.864896
49,79,1069.15264
50,78,1077.34592
51,77,1077.83744
52,76,1081.43872
53,75,1079.402112
54,74,1080.741888
55,73,1076.030848
56,72,1074.71872
57,71,1067.16672
58,70,1063.2864
59,69,1053.300864
60,68,1046.4
61,67,1033.472
62,66,1023.616
47,82,1056.897
48,81,1066.83
49,80,1075.803756
50,79,1082.67636
51,78,1085.927934
52,77,1087.521084
53,76,1088.23884
54,75,1087.6506
55,74,1085.671224
56,73,1082.453061
57,72,1077.932256
58,71,1072.11126
59,70,1064.81502
60,69,1056.51
61,68,1046.448
62,67,1034.967
47,83,1058.72
48,82,1073.28858
49,81,1080.82624
50,80,1090.29284
51,79,1091.66317
52,78,1095.94056
53,77,1094.73923
54,76,1096.9062
55,75,1093.14257
56,74,1092.72137
57,73,1086.30548
58,72,1083.31808
59,71,1074.28828
60,70,1068.92669
61,69,1057.03
62,68,1048.32
63,67,1033.89
48,83,1075.117
49,82,1087.144634
50,81,1095.539376
51,80,1099.430862
52,79,1101.869951
53,78,1103.322479
54,77,1103.510988
55,76,1102.373253
56,75,1100.214897
57,74,1096.518077
58,73,1091.681819
59,72,1085.462332
60,71,1078.170741
61,70,1069.353
62,69,1059.004
63,68,1047.345
48,84,1078.572
49,83,1089.498036
50,82,1102.85076
51,81,1105.187688
52,80,1109.91408
53,79,1109.64942
54,78,1112.447556
55,77,1109.540784
56,76,1110.037236
57,75,1104.560292
58,74,1102.511784
59,73,1094.468892
60,72,1089.89892
61,71,1079.364
62,70,1072.104
63,69,1058.64
49,84,1093.127
50,83,1105.32044
51,82,1112.528109
52,81,1115.747773
53,80,1117.907427
54,79,1118.882051
55,78,1118.527074
56,77,1117.227265
57,76,1114.385853
58,75,1110.532311
59,74,1105.264314
60,73,1098.876723
61,72,1091.169639
62,71,1082.088
63,70,1071.448
49,85,1095.182
50,84,1109.234982
51,83,1115.822556
52,82,1123.434024
53,81,1124.164592
54,80,1127.434326
55,79,1125.418564
56,78,1126.694914
57,77,1122.181392
58,76,1121.016396
59,75,1113.912118
60,74,1110.262092
61,73,1100.57215
62,72,1094.512
63,71,1082.05
64,70,1073.072
49,86,1098.495
50,85,1111.32
51,84,1119.435795
52,83,1126.77345
53,82,1131.95313
54,81,1133.798175
55,80,1134.18063
56,79,1133.666955
57,78,1131.684615
58,77,1128.876615
59,76,1124.40528
60,75,1118.90079
61,74,1111.882275
62,73,1103.97951
63,72,1094.58
64,71,1083.78
50,86,1115.064
51,85,1122.68
52,84,1131.442344
53,83,1135.734096
54,82,1141.877488
55,81,1141.00872
56,80,1142.77468
57,79,1139.142256
58,78,1138.791376
59,77,1132.867896
60,76,1129.957632
61,75,1121.173936
62,74,1116.004576
63,73,1104.728
64,72,1096.704
65,71,1082.832
50,87,1116.961
51,86,1126.14
52,85,1134.649618
53,84,1140.808864
54,83,1145.903072
55,82,1149.286972
56,81,1149.680299
57,80,1148.277282
58,79,1146.272835
59,78,1142.789336
60,77,1138.409857
61,76,1132.120187
62,75,1125.290326
63,74,1116.55
64,73,1106.96
65,72,1095.863
51,87,1129.116
52,86,1139.052
53,85,1144.708344
54,84,1151.74593
55,83,1153.700148
56,82,1158.29196
57,81,1155.772632
58,80,1156.034142
59,79,1150.814844
60,78,1148.919
61,77,1141.058934
62,76,1136.834064
63,75,1126.30356
64,74,1119.594
65,73,1106.622
66,72,1097.1
51,88,1132.294
52,87,1142.024
53,86,1149.286611
54,85,1155.310315
55,84,1159.584982
56,83,1163.015363
57,82,1164.550757
58,81,1163.489492
59,80,1160.577998
60,79,1156.963998
61,78,1151.686446
62,77,1145.787842
63,76,1138.023302
64,75,1129.375
65,74,1119.228
66,73,1107.969
52,88,1146.32
53,87,1152.76
54,86,1160.72866
55,85,1164.00634
56,84,1169.44436
57,83,1169.71162
58,82,1172.69152
59,81,1168.5212
60,80,1167.29536
61,79,1160.46784
62,78,1156.9348
63,77,1147.68248
64,76,1141.6965
65,75,1129.61408
66,74,1121.12
67,73,1106.84
52,89,1148.868
53,88,1157.046
54,87,1164.135903
55,86,1169.503491
56,85,1173.969948
57,84,1176.400224
58,83,1178.119719
59,82,1177.918089
60,81,1175.312832
61,80,1170.85554
62,79,1165.488939
63,78,1158.694431
64,77,1151.209728
65,76,1141.743975
66,75,1131.807
67,74,1119.963
52,90,1152.898
53,89,1160.424
54,88,1169.355374
55,87,1173.613102
56,86,1180.138712
57,85,1181.568084
58,84,1185.289336
59,83,1183.761274
60,82,1185.141372
61,81,1179.560772
62,80,1176.614414
63,79,1168.159024
64,78,1163.016352
65,77,1152.33
66,76,1144.52
67,75,1131.172
53,90,1164.306
54,89,1172.457
55,88,1178.840663
56,87,1184.322711
57,86,1187.791605
58,85,1190.434245
59,84,1191.113352
60,83,1191.264932
61,82,1189.440967
62,81,1185.216032
63,80,1179.152832
64,79,1172.360618
65,78,1163.780189
66,77,1154.868
67,76,1144
68,75,1132.417
53,91,1167.408
54,90,1177.344
55,89,1182.510576
56,88,1190.227248
57,87,1192.5684
58,86,1197.33048
59,85,1196.8668
60,84,1199.082096
61,83,1195.967664
62,82,1195.736112
63,81,1188.603504
64,80,1183.958928
65,79,1173.785328
66,78,1167.21936
67,77,1155.024
68,76,1145.952
54,91,1180.155
55,90,1187.368895
56,89,1193.9445
57,88,1198.733995
58,87,1202.061745
59,86,1203.81436
60,85,1204.837335
61,84,1203.891645
62,83,1202.493265
63,82,1199.051545
64,81,1193.198185
65,80,1185.369345
66,79,1176.99429
67,78,1167.105
68,77,1156.81
69,76,1144.195
54,92,1184.79
55,91,1191.003322
56,90,1199.60097
57,89,1202.94145
58,88,1208.711662
59,87,1208.9676
60,86,1212.402542
61,85,1210.149032
62,84,1210.90867
63,83,1206.246744
64,82,1204.435322
65,81,1195.329156
66,80,1189.331622
67,79,1177.49
68,78,1169.898
69,77,1155.736
54,93,1187.466
55,92,1195.473825
56,91,1203.342
57,90,1208.738223
58,89,1213.136316
59,88,1215.779964
60,87,1217.694786
61,86,1217.808417
62,85,1217.250258
63,84,1214.74626
64,83,1211.776566
65,82,1206.383136
66,81,1199.036664
67,80,1189.903848
68,79,1180.263
69,78,1168.797
55,93,1198.82886
56,92,1208.756996
57,91,1213.089548
58,90,1219.56958
59,89,1220.927184
60,88,1225.027524
61,87,1223.703664
62,86,1225.391604
63,85,1221.569652
64,84,1220.760536
65,83,1214.242912
66,82,1210.779564
67,81,1200.153016
68,80,1193.028
69,79,1179.856
70,78,1170.088
55,94,1203.473
56,93,1212.264
57,92,1218.82
58,91,1223.945153
59,90,1227.524282
60,89,1230.066371
61,88,1230.974377
62,87,1231.262692
63,86,1229.78491
64,85,1227.689523
65,84,1223.269736
66,83,1218.706462
67,82,1211.89746
68,81,1203.168295
69,80,1192.745
70,79,1181.421
55,95,1206.6
56,94,1217.55
57,93,1223.1
58,92,1230.1452
59,91,1232.8428
60,90,1237.44645
61,89,1236.5778
62,88,1239.24945
63,87,1236.207
64,86,1236.39615
65,85,1230.95565
66,84,1228.3797
67,83,1220.22825
68,82,1215.3309
69,81,1203.3
70,80,1194.6
71,79,1180.05
55,96,1211.02
56,95,1220.835
57,94,1228.536
58,93,1234.893553
59,92,1239.381273
60,91,1242.781038
61,90,1244.440981
62,89,1244.845812
63,88,1244.140189
64,87,1242.893684
65,86,1239.545863
66,85,1235.892569
67,84,1229.983788
68,83,1223.835219
69,82,1215.568724
70,81,1205.548515
71,80,1193.353
56,96,1225.576
57,95,1232.264
58,94,1240.624
59,93,1244.489816
60,92,1250.057424
61,91,1250.37936
62,90,1253.103504
63,89,1250.446848
64,88,1251.484248
65,87,1246.711904
66,86,1245.329768
67,85,1238.031184
68,84,1234.140744
69,83,1224.628888
70,82,1218.381536
71,81,1204.752
56,97,1228.743
57,96,1237.311
58,95,1244.961
59,94,1250.38179
60,93,1255.319406
61,92,1257.872976
62,91,1258.971822
63,90,1258.99722
64,89,1257.731145
65,88,1255.379229
66,87,1252.426329
67,86,1247.513652
68,85,1242.199962
69,84,1234.945008
70,83,1227.213
71,82,1217.7729
72,81,1205.946
57,97,1240.778
58,96,1250.326
59,95,1255.025926
60,94,1261.73355
61,93,1263.758034
62,92,1266.938904
63,91,1265.439406
64,90,1266.625822
65,89,1262.292262
66,88,1261.746178
67,87,1255.209802
68,86,1252.395452
69,85,1243.430188
70,84,1238.1523
71,83,1227.072
72,82,1219.372
57,98,1245.27
58,97,1254.105
59,96,1260.615
60,95,1266.66
61,94,1270.304205
62,93,1272.74592
63,92,1273.590825
64,91,1273.061035
65,90,1271.45601
66,89,1268.57921
67,88,1264.67662
68,87,1260.07002
69,86,1253.70758
70,85,1246.79334
71,84,1238.061725
72,83,1228.84
73,82,1217.68
58,98,1259.076
59,97,1264.848
60,96,1272.714924
61,95,1275.622608
62,94,1279.990296
63,93,1279.930392
64,92,1281.597408
65,91,1278.370392
66,90,1278.020484
67,89,1272.062844
68,88,1270.13874
69,87,1261.983372
70,86,1257.625668
71,85,1247.328732
72,84,1240.648656
73,83,1227.876
58,99,1262.437
59,98,1269.973
60,97,1277.038
61,96,1281.847067
62,95,1285.424783
63,94,1287.37645
64,93,1287.95735
65,92,1287.114888
66,91,1284.989736
67,90,1281.608427
68,89,1277.416998
69,88,1271.924196
70,87,1265.874358
71,86,1258.133316
72,85,1249.563
73,84,1239.714076
59,99,1273.796
60,98,1282.802
61,97,1286.637608
62,96,1291.975322
63,95,1293.191922
64,94,1295.89467
65,93,1293.89281
66,92,1294.04528
67,91,1289.041894
68,90,1287.372308
69,89,1279.989442
70,88,1276.518656
71,87,1266.935798
72,86,1261.043188
73,85,1249.148
74,84,1241.09
59,100,1278.678
60,99,1286.628
61,98,1292.511
62,97,1297.04727
63,96,1300.10484
64,95,1301.837781
65,94,1302.025878
66,93,1300.878057
67,92,1298.258055
68,91,1294.707267
69,90,1289.927886
70,89,1284.418059
71,88,1277.50776
72,87,1269.863994
73,86,1260.676497
74,85,1250.694
60,100,1291.84
61,99,1296.8
62,98,1303.36
63,97,1305.44
64,96,1309.28912
65,95,1308.40112
66,94,1309.45392
67,93,1305.3816
68,92,1304.2696
69,91,1297.7312
70,90,1294.81616
71,89,1286.13408
72,88,1281.01904
73,87,1270.17488
74,86,1262.87888
75,85,1249.44
60,101,1295.567
61,100,1302.168
62,99,1307.964
63,98,1311.989
64,97,1314.924513
65,96,1316.09772
66,95,1315.908384
67,94,1314.267633
68,93,1311.49151
69,92,1307.39889
70,91,1302.561967
71,90,1296.497741
72,89,1289.471862
73,88,1281.077
74,87,1272.061
75,86,1261.681652
61,101,1306.206
62,100,1313.82
63,99,1316.898
64,98,1321.770474
65,97,1322.382186
66,96,1324.10538
67,95,1321.183224
68,94,1320.696414
69,93,1315.055088
70,92,1312.620714
71,91,1304.84358
72,90,1300.39749
73,89,1290.224376
74,88,1283.661594
75,87,1271.214
76,86,1262.628
61,102,1311.009
62,101,1318.018
63,100,1322.908
64,99,1326.983
65,98,1329.373558
66,97,1330.376334
67,96,1329.591326
68,95,1327.59914
69,94,1324.377771
70,93,1320.16471
71,92,1314.869492
72,91,1308.58193
73,90,1301.054427
74,89,1292.640204
75,88,1282.955559
76,87,1272.215
62,102,1323.316
63,101,1327.58
64,100,1333.32
65,99,1334.926708
66,98,1338.034344
67,97,1336.265932
68,96,1336.446004
69,95,1331.602592
70,94,1329.954392
71,93,1322.791692
72,92,1319.188612
73,91,1309.867508
74,90,1304.03616
75,89,1292.648
76,88,1284.69728
77,87,1270.672
62,103,1327.095
63,102,1333.035
64,101,1338.15
65,100,1341.615
66,99,1343.75043
67,98,1344.25467
68,97,1343.09604
69,96,1340.72136
70,95,1337.29035
71,94,1332.662925
72,93,1327.07388
73,92,1320.51117
74,91,1312.73571
75,90,1303.74816
76,89,1293.93
77,88,1283.205
63,103,1337.13
64,102,1344.102
65,101,1346.746214
66,100,1350.793958
67,99,1350.498312
68,98,1351.570672
69,97,1347.75068
70,96,1346.662882
71,95,1340.31305
72,94,1337.368708
73,93,1328.825186
74,92,1323.836886
75,91,1313.06
76,90,1305.818748
77,89,1292.808
78,88,1283.678
63,104,1342.179
64,103,1348.525
65,102,1352.867
66,101,1356.211676
67,100,1357.779305
68,99,1358.007093
69,98,1356.476371
70,97,1353.739742
71,96,1349.864507
72,95,1345.048728
73,94,1339.149787
74,93,1332.104892
75,92,1324.143
76,91,1314.954493
77,90,1304.748121
78,89,1293.415
64,104,1354.08
65,103,1357.608
66,102,1362.910584
67,101,1363.6308
68,100,1365.778512
69,99,1363.316976
70,98,1362.79164
71,97,1357.4988
72,96,1355.012904
73,95,1347.263904
74,94,1342.977888
75,93,1333.10016
76,92,1326.513552
77,91,1314.432
78,90,1305.995712
64,105,1357.915
65,104,1363.323
66,103,1368.020862
67,102,1370.438407
68,101,1371.781788
69,100,1371.350669
70,99,1369.658641
71,98,1366.583348
72,97,1362.440482
73,96,1357.231733
74,95,1351.076753
75,94,1343.762433
76,93,1335.315644
77,92,1325.893049
78,91,1315.327
79,90,1304.004
65,105,1367.65
66,104,1374.11
67,103,1375.95127
68,102,1379.03898
69,101,1377.94265
70,100,1378.12863
71,99,1373.88747
72,98,1372.04875
73,97,1365.15032
74,96,1361.52354
75,95,1352.36564
76,94,1346.59329
77,93,1335.18
78,92,1327.40641
79,91,1313.93
65,106,1372.788
66,105,1378.602
67,104,1382.302782
68,103,1384.720551
69,102,1385.428833
70,101,1384.743123
71,100,1382.482161
72,99,1379.297628
73,98,1374.804261
74,97,1369.387665
75,96,1362.769452
76,95,1355.029992
77,94,1346.384745
78,93,1336.642704
79,92,1325.954691
80,91,1314.135
66,106,1384.428
67,105,1387.18
68,104,1391.556368
69,103,1391.664556
70,102,1392.762604
71,101,1389.461236
72,100,1388.341172
73,99,1382.48526
74,98,1379.4701
75,97,1371.113824
76,96,1366.046188
77,95,1355.532
78,94,1348.344464
79,93,1335.752
80,92,1326.766204
66,107,1388.498
67,106,1392.996
68,105,1396.802
69,104,1398.614867
70,103,1399.129888
71,102,1397.677034
72,101,1395.420768
73,100,1391.623072
74,99,1387.171609
75,98,1381.215738
76,97,1374.317709
77,96,1366.369051
78,95,1357.256449
79,94,1347.352199
80,93,1336.252
67,107,1397.568
68,106,1403.136
69,105,1404.296928
70,104,1406.594424
71,103,1404.437868
72,102,1403.92683
73,101,1399.038648
74,100,1396.742544
75,99,1389.406356
76,98,1384.947084
77,97,1375.037262
78,96,1368.705228
79,95,1356.852
80,94,1348.468854
67,108,1402.8
68,107,1407.875
69,106,1410.814125
70,105,1412.41695
71,104,1412.104575
72,103,1410.63545
73,102,1407.777875
74,101,1404.2196
75,100,1399.0928
76,99,1393.126875
77,98,1385.668375
78,97,1377.147625
79,96,1368.11815
80,95,1357.881875
68,108,1413.808
69,107,1415.944112
70,106,1419.2816
71,105,1418.392624
72,104,1418.800416
73,103,1414.80592
74,102,1413.299712
75,101,1406.93872
76,100,1403.191328
77,99,1394.172208
78,98,1388.456608
79,97,1377.2
80,96,1369.743232
81,95,1356.608
68,109,1418.301
69,108,1422.195
70,107,1424.848053
71,106,1425.465606
72,105,1425.183822
73,104,1423.235406
74,103,1420.431195
75,102,1416.216294
76,101,1411.114269
77,100,1404.429864
78,99,1396.970553
79,98,1388.367999
80,97,1378.816194
81,96,1368.580992
69,109,1426.848
70,108,1431.628546
71,107,1431.490774
72,106,1432.809754
73,105,1430.090448
74,104,1429.216824
75,103,1423.671946
76,102,1420.782294
77,101,1412.705722
78,100,1407.66939
79,99,1397.215272
80,98,1390.423504
81,97,1378.076
82,96,1368.974148
69,110,1432.358
70,109,1436.475
71,108,1438.283258
72,107,1438.908684
73,106,1438.020844
74,105,1436.175712
75,104,1432.675904
76,103,1428.327457
77,102,1422.6025
78,101,1416.006529
79,100,1407.912507
80,99,1399.099621
81,98,1389.696214
82,97,1378.658
70,110,1442.52
71,109,1443.97584
72,108,1446.29658
73,107,1444.662
74,106,1444.58784
75,105,1440.00072
76,104,1437.73758
77,103,1430.57394
78,102,1426.24998
79,101,1416.62808
80,100,1410.49404
81,99,1398.78
82,98,1390.62384
70,111,1446.914
71,110,1450.172
72,109,1451.991412
73,108,1452.238658
74,107,1451.268679
75,106,1448.74391
76,105,1445.003002
77,104,1440.139532
78,103,1434.259928
79,102,1426.974135
80,101,1418.981899
81,100,1410.339511
82,99,1399.900698
71,111,1455.272
72,110,1458.709252
73,109,1458.301754
74,108,1459.333512
75,107,1455.751206
76,106,1454.130496
77,105,1447.790708
78,104,1444.125956
79,103,1435.475132
80,102,1429.968176
81,101,1418.960634
82,100,1411.653516
71,112,1461.072
72,111,1464.008235
73,110,1465.235799
74,109,1465.52439
75,108,1464.186111
76,107,1461.255366
77,106,1457.00757
78,105,1451.800488
79,104,1445.432454
80,103,1438.263063
81,102,1430.268342
82,101,1420.467411
71,113,1465.928
72,112,1470.294688
73,111,1470.852392
74,110,1472.936008
75,109,1470.672992
76,108,1469.920064
77,107,1464.492432
78,106,1461.431408
79,105,1453.635696
80,104,1448.883712
81,103,1438.637304
82,102,1432.015328
83,101,1419.192
72,113,1475.19
73,112,1477.47845
74,111,1478.689645
75,110,1478.33981
76,109,1476.544755
77,108,1473.28857
78,107,1468.85375
79,106,1463.25528
80,105,1456.78176
81,104,1449.57934
82,103,1440.58242
83,102,1430.42
72,114,1481.304
73,113,1482.76224
74,112,1485.880902
75,111,1484.519196
76,110,1484.806194
77,109,1480.1973
78,108,1478.106474
79,107,1471.17444
80,106,1467.216546
81,105,1458.085062
82,104,1451.793798
83,103,1439.49957
72,115,1485.902
73,114,1489.081
74,113,1491.34744
75,112,1491.876089
76,111,1491.096112
77,110,1488.811346
78,109,1485.026279
79,108,1480.536035
80,107,1474.866382
81,106,1468.409646
82,105,1460.163881
83,104,1450.774985
72,116,1491.968
73,115,1494.036
74,114,1498.181024
75,113,1497.747684
76,112,1499.08568
77,111,1495.495068
78,110,1494.207456
79,109,1487.903064
80,108,1485.021588
81,107,1476.384304
82,106,1471.070672
83,105,1459.677872
84,104,1452.228936
73,116,1500.282
74,115,1503.063135
75,114,1504.780956
76,113,1505.006055
77,112,1503.691371
78,111,1500.939153
79,110,1497.255543
80,109,1492.522038
81,108,1486.711044
82,107,1479.20472
83,106,1470.60522
84,105,1461.177144
73,117,1505.18
74,116,1509.95299
75,115,1510.44053
76,114,1512.79824
77,113,1510.06072
78,112,1509.85058
79,111,1504.62634
80,110,1502.33304
81,109,1494.5134
82,108,1489.8147
83,107,1479.51841
84,106,1472.39626
74,117,1514.821
75,116,1517.294259
76,115,1518.55696
77,114,1518.087291
78,113,1516.296475
79,112,1513.625531
80,111,1509.626755
81,110,1504.532594
82,109,1497.715231
83,108,1489.927015
84,107,1480.958228
74,118,1521.408
75,117,1522.752
76,116,1526.115072
77,115,1524.285312
78,114,1524.962688
79,113,1520.664
80,112,1519.11648
81,111,1512.195072
82,110,1508.096448
83,109,1498.303872
84,108,1492.046976
75,118,1529.332
76,117,1531.698373
77,116,1532.057353
78,115,1531.218189
79,114,1529.35323
80,113,1526.227402
81,112,1521.712939
82,111,1515.806174
83,110,1508.70223
84,109,1500.406897
85,108,1491.410974
75,119,1534.734
76,118,1538.80994
77,117,1538.12415
78,116,1539.575658
79,115,1536.292208
80,114,1535.440742
81,113,1529.292494
82,112,1525.890704
83,111,1516.89085
84,110,1511.123424
85,109,1500.523652
76,119,1544.13831
77,118,1545.35589
78,117,1545.680565
79,116,1544.67144
80,115,1542.319155
81,114,1538.691765
82,113,1533.4683
83,112,1526.99586
84,111,1519.2645
85,110,1510.883595
86,109,1501.559865
76,120,1550.800608
77,119,1551.175948
78,118,1553.602624
79,117,1551.312756
80,116,1551.217108
81,115,1546.104644
82,114,1543.1864
83,113,1535.0524
84,112,1529.735508
85,111,1519.401996
86,110,1512.72604
77,120,1558.076546
78,119,1559.448848
79,118,1559.385217
80,117,1558.002671
81,116,1555.020485
82,115,1550.645706
83,114,1544.802292
84,113,1537.690395
85,112,1529.89412
86,111,1521.291918
77,121,1563.606
78,120,1567.005462
79,119,1565.897454
80,118,1566.487494
81,117,1562.245146
82,116,1560.018636
83,115,1552.555422
84,114,1547.877078
85,113,1538.293482
86,112,1532.069748
77,122,1570.352382
78,121,1572.561481
79,120,1573.481657
80,119,1573.151516
81,118,1570.881324
82,117,1567.267683
83,116,1562.055674
84,115,1555.689863
85,114,1548.511734
86,113,1540.428354
87,112,1531.367088
78,122,1579.8432
79,121,1579.727
80,120,1581.1798
81,119,1577.9414
82,118,1576.3542
83,117,1569.6988
84,116,1565.5008
85,115,1556.7516
86,114,1550.9876
87,113,1540.077
78,123,1585.052835
79,122,1586.930376
80,121,1587.410364
81,120,1586.146677
82,119,1583.440212
83,118,1578.816006
84,117,1573.14258
85,116,1566.624753
86,115,1559.125041
87,114,1550.674197
78,124,1591.962
79,123,1593.00028
80,122,1595.164104
81,121,1593.019268
82,120,1592.18723
83,119,1586.204192
84,118,1582.613238
85,117,1574.497484
86,116,1569.399206
87,115,1559.200024
88,114,1552.346366
79,124,1599.815392
80,123,1601.158846
81,122,1600.868556
82,121,1599.111591
83,120,1595.082447
84,119,1590.067332
85,118,1584.141356
86,117,1577.355878
87,116,1569.551949
88,115,1560.994484
79,125,1605.48
80,124,1608.65118
81,123,1607.524488
82,122,1607.505924
83,121,1602.28128
84,120,1599.16518
85,119,1591.924608
86,118,1587.250968
87,117,1577.876148
88,116,1571.647824
79,126,1611.505
80,125,1614.319855
81,124,1615.070565
82,123,1614.23765
83,122,1610.74691
84,121,1606.41198
85,120,1601.092025
86,119,1595.05211
87,118,1587.86563
88,117,1579.934385
80,126,1621.04902
81,125,1621.57432
82,124,1622.324366
83,123,1617.784538
84,122,1615.155978
85,121,1608.611358
86,120,1604.524936
87,119,1595.86964
88,118,1590.27983
89,117,1579.551144
80,127,1624.393584
81,126,1628.426151
82,125,1629.062055
83,124,1625.882328
84,123,1622.191311
85,122,1617.505659
86,121,1612.11186
87,120,1605.540024
88,119,1598.378238
89,118,1590.002604
80,128,1629.264
81,127,1632.21344
82,126,1636.430016
83,125,1632.769216
84,124,1630.586256
85,123,1624.825904
86,122,1621.200048
87,121,1613.434992
88,120,1608.273472
89,119,1598.444848
80,129,1632.708
81,128,1637.173285
82,127,1640.367223
83,126,1640.228865
84,125,1637.554083
85,124,1633.285467
86,123,1628.552035
87,122,1622.610374
88,121,1616.203897
89,120,1608.432023
90,119,1599.991976
80,130,1637.58
81,129,1640.85285
82,128,1645.55244
83,127,1644.83361
84,126,1645.21245
85,125,1640.44902
86,124,1637.29272
87,123,1630.25856
88,122,1625.66901
89,121,1616.55816
90,120,1610.52276
81,130,1645.8
82,129,1649.387
83,128,1649.97147
84,127,1649.763213
85,126,1648.195694
86,125,1644.521551
87,124,1639.141473
88,123,1633.364926
89,122,1626.214136
90,121,1618.731021
81,131,1649.36
82,130,1654.514144
83,129,1654.30172
84,128,1655.771516
85,127,1653.240872
86,126,1652.496964
87,125,1646.592552
88,124,1642.464064
89,123,1634.211752
90,122,1628.617072
91,121,1618.311116
82,131,1658.222466
83,130,1659.486408
84,129,1660.126899
85,128,1659.270639
86,127,1657.606896
87,126,1654.676229
88,125,1649.986395
89,124,1643.406612
90,123,1636.660476
91,122,1628.33388
82,132,1663.290604
83,131,1663.527288
84,130,1666.01461
85,129,1664.14211
86,128,1664.299828
87,127,1660.156146
88,126,1658.31489
89,125,1651.204098
90,124,1646.138718
91,123,1636.582976
82,133,1666.68
83,132,1668.749805
84,131,1670.156335
85,130,1670.088825
86,129,1669.22001
87,128,1666.9509
88,127,1663.953155
89,126,1659.692715
90,125,1653.995215
91,124,1646.268115
83,133,1672.595784
84,132,1675.903608
85,131,1674.647784
86,130,1675.867104
87,129,1672.361424
88,128,1671.266952
89,127,1665.652896
90,126,1662.688944
91,125,1654.410528
83,134,1677.627
84,133,1679.857977
85,132,1680.580804
86,131,1680.535451
87,130,1679.096958
88,129,1676.741857
89,128,1673.140308
90,127,1668.848699
91,126,1663.213643
92,125,1656.800642
83,135,1681.216
84,134,1685.471578
85,133,1684.949032
86,132,1687.047718
87,131,1684.42387
88,130,1684.049564
89,129,1679.074368
90,128,1676.761606
91,127,1669.684672
92,126,1665.647966
84,135,1689.147
85,134,1690.721829
86,133,1691.505849
87,132,1690.936011
88,131,1689.377826
89,130,1686.420012
90,129,1682.73468
91,128,1677.903978
92,127,1672.430511
84,136,1694.44
85,135,1694.8382
86,134,1697.79456
87,133,1696.1428
88,132,1696.57048
89,131,1692.3093
90,130,1690.60958
91,129,1684.11958
92,128,1680.58
85,136,1700.374
86,135,1702.006748
87,134,1702.418692
88,133,1701.950614
89,132,1699.609119
90,131,1696.411912
91,130,1692.188381
92,129,1687.114
85,137,1704.516
86,136,1708.177002
87,135,1707.418872
88,134,1708.664514
89,133,1705.582044
90,132,1704.218298
91,131,1698.522
92,130,1695.636
85,138,1709.964
86,137,1712.417
87,136,1713.455734
88,135,1713.822569
89,134,1712.448443
90,133,1710.10672
91,132,1706.389533
92,131,1702.089424
86,138,1718.304
87,137,1718.2536
88,136,1720.301408
89,135,1718.11136
90,134,1717.567488
91,133,1712.9112
92,132,1710.285472
86,139,1722.375
87,138,1724.16825
88,137,1725.205725
89,136,1724.77935
90,135,1723.32495
91,134,1720.512225
92,133,1716.693075
93,132,1711.6974
86,140,1727.996
87,139,1728.680328
88,138,1731.602056
89,137,1730.178708
90,136,1730.509346
91,135,1726.89086
92,134,1724.813016
93,133,1718.73
86,141,1732.01
87,140,1734.469772
88,139,1736.163419
89,138,1736.709127
90,137,1735.971604
91,136,1734.163776
92,135,1731.191211
93,134,1726.868677
86,142,1737.588
87,141,1738.956
88,140,1742.471988
89,139,1741.735548
90,138,1743.076872
91,137,1740.142512
92,136,1739.05974
93,135,1733.712
94,134,1730.631492
87,142,1744.451239
88,141,1746.922378
89,140,1747.949214
90,139,1748.333934
91,138,1747.240001
92,137,1745.145109
93,136,1741.793923
94,135,1737.391398
87,143,1748.69
88,142,1753.03861
89,141,1752.96639
90,140,1755.1277
91,139,1753.03493
92,138,1752.81229
93,137,1748.40848
94,136,1745.92862
87,144,1753.983
88,143,1757.217
89,142,1758.928017
90,141,1760.245872
91,140,1759.85502
92,139,1758.691011
93,138,1756.090875
94,137,1752.648282
95,136,1747.746
87,145,1758.096
88,144,1762.968
89,143,1763.7684
90,142,1766.686032
91,141,1765.404232
92,140,1765.958944
93,139,1762.504
94,138,1760.639416
95,137,1754.848
88,145,1767.072
89,144,1769.402
90,143,1771.472438
91,142,1771.933312
92,141,1771.721049
93,140,1769.909008
94,139,1767.024468
95,138,1763.111
96,137,1758.218466
88,146,1772.55
89,145,1773.954
90,144,1777.662666
91,143,1777.153482
92,142,1778.565672
93,141,1775.97342
94,140,1774.798038
95,139,1769.742
96,138,1766.859354
89,146,1779.42
90,145,1782.09289
91,144,1783.23546
92,143,1783.863145
93,142,1782.956515
94,141,1781.035155
95,140,1777.775
96,139,1773.78
97,138,1768.14
89,147,1783.688
90,146,1787.936
91,145,1788.290944
92,144,1790.408572
93,143,1788.693324
94,142,1788.387468
95,141,1784.396
96,140,1781.8
97,139,1775.428
90,147,1792.194
91,146,1794.066774
92,145,1795.534278
93,144,1795.270734
94,143,1794.268224
95,142,1791.957
96,141,1788.402
97,140,1783.899
98,139,1778.448
90,148,1797.852
91,147,1799.01106
92,146,1801.68856
93,145,1800.758932
94,144,1801.268252
95,143,1798.227564
96,142,1796.472314
97,141,1790.712
98,140,1787.142
91,148,1804.45
92,147,1806.495123
93,146,1806.974079
94,145,1806.914329
95,144,1805.329759
96,143,1802.777
97,142,1798.953
98,141,1794.173
91,149,1809.12
92,148,1812.42504
93,147,1812.0432
94,146,1813.44864
95,145,1811.28144
96,144,1810.28544
97,143,1805.52
98,142,1802.4
99,141,1795.44
92,149,1816.899
93,148,1818.167383
94,147,1818.690112
95,146,1817.928552
96,145,1816.378681
97,144,1813.284
98,143,1809.187
99,142,1803.885
92,150,1822.744
93,149,1823.082074
94,148,1824.999682
95,147,1823.466128
96,146,1823.348274
97,145,1819.598
98,144,1817.251084
99,143,1810.886
100,142,1806.53
93,150,1828.575
94,149,1830.033972
95,148,1829.831067
96,147,1829.041074
97,146,1826.751285
98,145,1823.715
99,144,1819.098
100,143,1813.752
93,151,1833.416
94,150,1836.055348
95,149,1835.197444
96,148,1835.842336
97,147,1832.798192
98,146,1831.252208
99,145,1825.852
100,144,1822.192
94,151,1840.82612
95,150,1841.24997
96,149,1841.36267
97,148,1839.76968
98,147,1837.415965
99,146,1833.58
100,145,1828.925
101,144,1823.045
94,152,1846.608348
95,151,1846.226556
96,150,1847.82039
97,149,1845.688062
98,148,1844.78229
99,147,1840.08
100,146,1837.168836
101,145,1830.24
94,153,1851.018
95,152,1852.253
96,151,1852.976216
97,150,1852.237192
98,149,1850.808791
99,148,1847.56
100,147,1843.855
101,146,1838.668
95,153,1856.776
96,152,1859.189288
97,151,1857.768
98,150,1857.776928
99,149,1854.048
100,148,1851.54568
101,147,1845.616
102,146,1841.152
95,154,1862.271
96,153,1863.902448
97,152,1864.020723
98,151,1863.362367
99,150,1861.026
100,149,1857.789
101,148,1853.307
102,147,1848.078
96,154,1869.735
97,153,1868.99025
98,152,1869.9875
99,151,1867.25
100,150,1865.521
101,149,1860.25
102,148,1856.5
96,155,1874.147724
97,154,1874.785264
98,153,1875.096002
99,152,1873.936131
100,151,1871.67939
101,150,1867.942
102,149,1863.173
103,148,1857.4
96,156,1879.92
97,155,1879.668
98,154,1881.267948
99,153,1879.225488
100,152,1878.919812
101,151,1874.376
102,150,1871.29152
103,149,1864.548
97,156,1885.103
98,155,1886.072243
99,154,1885.577122
100,153,1884.459115
101,152,1881.814
102,151,1877.766
103,150,1872.706
104,149,1866.887
97,157,1889.76
98,156,1892.103912
99,155,1890.670336
100,154,1890.975644
101,153,1887.474
102,152,1885.590844
103,151,1879.6
104,150,1875.536
98,157,1896.69
99,156,1896.64461
100,155,1896.15195
101,154,1894.325895
102,153,1891.53288
103,152,1887.51
104,151,1882.41
105,150,1876.035
98,158,1902.592
99,157,1901.568
100,156,1902.536448
101,155,1899.624704
102,154,1898.633984
103,153,1893.888
104,152,1890.657536
105,151,1883.392
99,158,1907.454
100,157,1907.504372
101,156,1906.315233
102,155,1904.288531
103,154,1901.029
104,153,1896.917
105,152,1891.777
99,159,1912.296
100,158,1913.844
101,157,1911.694602
102,156,1911.006
103,155,1906.878
104,154,1904.556
105,153,1898.622
106,152,1893.978
100,159,1918.413
101,158,1917.895
102,157,1916.6
103,156,1914.01
104,155,1910.643
105,154,1906.24
106,153,1900.801
100,160,1924.78
101,159,1922.96
102,158,1923.22
103,157,1919.58
104,156,1918.02
105,155,1912.82
106,154,1909.03024
107,153,1901.12
101,160,1929.051
102,159,1928.268
103,158,1926.441
104,157,1923.934356
105,156,1920.177
106,155,1915.479
107,154,1909.476
101,161,1934.346
102,160,1934.87
103,159,1931.988
104,158,1930.94
105,157,1926.224
106,156,1923.342
107,155,1916.53
102,161,1939.888
103,160,1938.573
104,159,1936.469
105,158,1933.576
106,157,1929.631
107,156,1924.371
108,155,1918.585
102,162,1946.472
103,161,1944.096
104,160,1943.304
105,159,1939.344
106,158,1937.232
107,157,1931.16
108,156,1926.735096
103,162,1950.4
104,161,1948.81
105,160,1946.16
106,159,1943.15278
107,158,1938.74
108,157,1933.175
109,156,1926.815
103,163,1955.366
104,162,1955.632
105,161,1952.174
106,160,1950.312
107,159,1944.992
108,158,1941.268
109,157,1933.82
104,163,1960.581
105,162,1958.979
106,161,1956.309
107,160,1952.304
108,159,1947.765
109,158,1941.891
110,157,1934.415
104,164,1966.584
105,163,1964.172
106,162,1963.1
107,161,1958.544
108,160,1955.596
109,159,1948.628
110,158,1943
105,164,1970.425
106,163,1968.273
107,162,1965.852
108,161,1961.817
109,160,1956.437
110,159,1949.981
105,165,1975.32
106,164,1975.05
107,163,1971
108,162,1969.38
109,161,1962.9
110,160,1958.31
106,165,1980.197
107,164,1977.758
108,163,1974.506
109,162,1970.712
110,161,1965.292
106,166,1986.688
107,165,1983.152
108,164,1981.248
109,163,1976.352
110,162,1973.088
111,161,1965.472
106,167,1991.808
107,166,1989.624
108,165,1986.621
109,164,1983.072
110,163,1978.704
111,162,1973.517
107,167,1995.268
108,166,1993.624
109,165,1988.966
110,164,1986.226
111,163,1979.65
107,168,2001.45
108,167,1999.25
109,166,1995.95
110,165,1991.825
111,164,1987.425
108,168,2005.968
109,167,2001.552
110,166,1999.068
111,165,1993.272
108,169,2011.574
109,168,2008.527
110,167,2004.649
111,166,2000.217
112,165,1995.508
109,169,2014.388
110,168,2011.886
111,167,2006.326
112,166,2003.268
109,170,2021.076
110,169,2017.728
111,168,2013.822
112,167,2009.079
110,170,2024.96
111,169,2019.92
112,168,2016.84
110,171,2031.068
111,170,2027.134
112,169,2022.638
111,171,2033.22
112,170,2030.4
111,172,2040.43
112,171,2036.468
113,170,2031.374
112,172,2043.948
113,171,2037.984
112,173,2050.575
113,172,2045.445
114,171,2040.03
113,173,2051.764
114,172,2048.046
113,174,2059.512
114,173,2054.346
115,172,2048.319
114,174,2062.368
115,173,2055.168
114,175,2068.951
115,174,2063.171
116,173,2056.524
115,175,2069.73
116,174,2064.8
115,176,2077.74
116,175,2071.629
117,174,2064.936
116,176,2079.916
117,175,2072.032
118,175,2072.682
