Z,A,BE
0,1,0
1,1,0
4,5,0.09
1,2,2.224566
3,4,4.61504
1,6,5.769834
1,7,6.58
1,5,6.681795
1,4,6.881796
2,3,7.71804
1,3,8.481795
6,8,24.812192
5,7,24.910935
3,5,26.33066
4,6,26.923482
2,5,27.56066
2,4,28.29566
2,7,28.861399
2,6,29.271114
2,10,29.95134
2,9,30.141333
2,8,31.39616
3,6,31.993986
7,10,36.43672
4,7,37.600836
5,8,37.73724
6,9,39.036807
3,7,39.245073
3,8,41.277696
3,10,45.31351
3,9,45.339912
3,12,45.4992
3,13,45.59919
3,11,45.709191
5,9,56.31363
4,8,56.49948
4,9,58.164012
8,12,58.682424
7,11,59.004506
6,10,60.32042
5,10,64.75083
4,10,64.9763
4,11,65.47794
4,15,68.11455
4,13,68.138655
4,16,68.56456
4,12,68.648664
4,14,69.914558
10,15,73.03092
6,11,73.441016
9,14,73.992912
7,12,74.041308
8,13,75.552919
5,11,76.205052
5,12,79.574676
5,13,84.453447
5,14,85.423016
5,16,88.116832
5,15,88.199775
5,21,88.263
5,20,89.06
5,18,89.57934
5,17,89.584339
5,19,89.673046
6,12,92.161728
11,17,93.43336
7,13,94.105219
6,13,97.108037
10,16,97.330832
9,15,97.461885
8,14,98.731892
7,14,104.658596
6,14,105.284466
6,15,106.502535
6,16,110.752864
9,16,111.419696
6,17,111.486408
11,18,111.639906
8,15,111.95538
12,19,112.138475
10,17,112.888483
7,15,115.4919
6,18,115.670358
6,19,116.247187
6,23,116.771
7,16,117.980736
6,21,119.154
6,20,119.2287
6,22,119.263694
7,17,123.865893
7,18,126.694116
8,16,127.619296
9,17,128.219576
8,17,131.762376
11,19,131.819815
7,19,132.022317
10,18,132.142626
13,21,132.342
14,22,133.276
7,20,134.18342
12,20,134.5605
9,18,137.369484
7,21,138.789315
8,18,139.807746
7,25,140.325
7,22,140.327748
7,24,141.288
7,23,143.443433
8,19,143.763405
10,19,143.779517
11,20,145.96992
9,19,147.801342
15,24,148.656
13,22,149.204
12,21,149.205651
14,23,150.995
8,20,151.3714
9,20,154.40268
8,21,155.176854
10,20,160.6448
8,22,162.027162
9,21,162.504153
11,21,163.076487
8,23,164.760155
8,27,166.995
10,21,167.405973
8,28,167.664
9,22,167.73449
8,25,168.195125
12,22,168.580742
13,23,168.721721
8,26,168.934428
8,24,168.95244
16,26,170.248
15,25,170.3
14,24,172.013568
11,22,174.144674
9,23,175.313912
10,22,177.77023
9,24,179.125968
12,23,181.725645
10,23,182.970888
9,25,183.40765
13,24,183.589968
9,26,184.16424
17,28,185.192
9,28,185.214176
9,27,185.434164
11,23,186.564339
9,29,186.876899
9,30,186.99
14,25,187.00275
9,31,187.023
15,26,187.148
16,27,188.379
10,24,191.8398
11,24,193.523712
10,25,195.994975
12,24,198.257016
13,25,200.5284
10,26,201.54966
11,25,202.534925
10,27,203.051178
12,25,205.58755
14,26,206.042408
10,28,206.873688
15,27,206.912826
18,30,207.12612
17,29,207.606128
10,29,207.844943
11,26,208.109226
16,28,209.40612
10,30,211.03593
10,31,211.20579
13,26,211.89389
10,33,212.52
10,32,213.472
10,34,213.758
11,27,214.837542
12,26,216.68062
11,28,218.379392
14,27,219.357207
15,28,221.409412
19,32,222.304
11,29,222.782379
12,27,223.124004
17,30,224.4
16,29,224.70708
18,31,224.812
13,27,224.951931
11,30,225.05904
11,31,229.358987
11,32,231.036192
12,28,231.627564
13,28,232.677032
11,33,233.967558
11,34,234.138858
12,29,235.282858
11,35,235.655
11,36,235.656
11,37,236.504
14,28,236.536832
15,29,239.285844
12,30,241.63518
13,29,242.105456
16,30,243.68121
12,31,243.944828
17,31,243.945479
19,33,244.431
20,34,244.936
14,29,245.010415
18,32,246.400256
13,30,247.83384
12,32,249.72288
15,30,250.60518
12,33,252.003015
13,31,254.991027
14,30,255.61962
12,34,256.71326
16,31,256.7358
12,35,257.468155
17,32,258.316928
21,36,258.804
13,32,259.211008
19,34,260.78
12,36,260.799084
12,37,261.039107
18,33,261.655515
20,35,262.045
14,31,262.207021
15,31,262.916177
12,39,263.133
12,38,263.264
13,33,264.680328
12,40,265.12
13,34,267.254552
15,32,270.85184
14,32,271.406976
16,32,271.780128
13,35,272.54934
17,33,274.056915
13,36,274.44654
14,33,275.914947
22,38,278.616
13,37,278.658655
21,37,278.684
18,34,278.720848
19,35,278.8044
13,38,280.329686
16,33,280.42179
15,33,280.955598
20,36,281.371644
14,34,283.428794
13,39,283.959
13,40,285.08
17,34,285.56498
14,35,285.934705
15,34,287.23829
13,41,287.328
13,42,288.708
13,43,289.863
18,35,291.461135
16,34,291.838932
14,36,292.050684
23,40,292.68
19,36,293.119884
14,37,294.257411
21,38,294.538
22,39,295.386
15,35,295.618715
20,37,296.127872
17,35,298.20973
16,35,298.82475
15,36,299.083248
14,38,299.927502
14,39,301.508181
15,37,305.899535
14,40,306.47016
18,36,306.716724
17,36,306.789516
14,41,307.851493
19,37,308.574339
16,36,308.714004
15,38,309.596412
14,42,311.556
21,39,312.524784
23,41,312.625
14,43,312.997
16,37,313.017595
20,38,313.121634
24,42,313.488
22,40,314.49144
14,45,314.775
18,37,315.504143
14,44,315.656
15,39,315.820791
17,37,317.100397
15,40,319.23184
19,38,320.646204
16,38,321.053716
17,38,323.208278
15,41,324.168591
16,39,325.426491
15,42,326.250372
20,39,326.41713
21,40,326.94676
18,38,327.34264
25,44,328.548
23,42,328.608
26,45,329.085
22,41,329.409908
24,43,330.24
15,43,330.651596
17,39,331.281678
15,44,332.948
16,40,333.173
19,39,333.723975
18,39,333.941322
15,45,335.88
15,46,336.582
17,40,337.1106
16,41,337.415035
15,47,337.93
19,40,341.5236
20,40,342.05212
21,41,343.137118
18,40,343.81036
16,42,344.115534
17,41,344.931319
16,43,346.744561
22,42,346.888374
23,43,346.989016
27,47,347.847
28,48,348.72
25,45,348.885
24,44,349.712
18,41,349.909252
26,46,350.014
20,41,350.414946
17,42,350.527212
19,41,351.618952
16,44,351.82466
16,45,354.681315
21,42,354.687186
17,43,357.926238
16,46,358.432
19,42,359.152752
22,43,359.176076
18,42,359.335746
16,47,359.456
23,44,361.260372
16,49,361.865
20,42,361.895646
16,48,362.16
17,44,362.222608
24,45,363.94776
25,46,364.274
27,48,364.8
18,43,364.994191
28,49,365.393
26,47,365.895
21,43,366.825475
17,45,368.17191
19,43,368.77746
20,43,369.828509
17,46,371.84008
18,44,373.72896
22,44,375.47488
17,47,375.812
19,44,376.054844
21,44,376.524676
23,45,377.101305
17,48,378.384
18,45,378.89784
20,44,380.9597
17,49,381.269
24,46,381.975858
25,47,382.359617
17,50,382.55
17,51,384.03
27,49,384.258
19,45,384.96033
22,45,385.00749
26,48,385.104
28,50,385.8
18,46,386.971274
21,45,387.851895
20,45,388.374525
23,46,390.36198
18,47,390.635988
19,46,391.829932
24,47,395.138165
18,48,395.622336
21,46,396.612552
25,48,397.16088
22,46,398.196746
18,49,398.615
20,46,398.773034
29,52,399.308
26,49,399.904239
27,50,400.05
19,47,400.199313
28,51,401.625
18,50,402.8
23,47,403.364575
18,51,404.226
19,48,404.843136
20,47,406.049403
18,53,406.881
18,52,406.9
22,47,407.077669
21,47,407.25923
19,49,410.241426
24,48,411.468912
25,49,413.556521
23,48,413.906928
19,50,414.4291
21,48,415.497792
20,48,416.000928
26,50,417.7013
27,51,417.855954
29,53,418.382
30,54,418.662
22,48,418.704288
19,51,419.288799
28,52,420.108
20,49,421.147356
19,52,421.981508
24,49,422.051259
19,53,425.210944
23,49,425.462492
21,49,425.626544
19,54,426.006
25,50,426.6348
22,49,426.846693
20,50,427.50815
19,55,428.34
19,56,429.184
31,56,431.144
26,51,431.498709
21,50,431.68395
20,51,432.322563
27,52,432.946072
29,54,434.592
23,50,434.7959
30,55,434.995
24,50,435.0516
28,53,435.504922
22,50,437.7859
20,52,438.327812
21,51,438.436596
25,51,440.322372
20,53,441.520581
21,52,443.7225
22,51,444.158388
24,51,444.312255
20,54,445.364784
23,51,445.847049
20,55,446.6
26,52,447.697848
27,53,449.315874
32,58,450.196
20,56,450.24
21,53,450.257313
31,57,450.813
25,52,450.857108
20,57,451.269
22,52,451.966684
29,55,452.86978
23,52,453.158264
28,54,453.223728
21,54,453.312774
30,56,453.936
20,58,454.43
24,52,456.351428
22,53,457.399222
21,55,457.652525
26,53,458.386347
21,56,460.416768
23,53,461.63689
27,54,462.737718
25,53,462.911275
33,60,463.92
22,54,464.26149
24,53,464.290494
21,57,464.631681
21,58,466.61
32,59,467.044
28,55,467.3526
31,58,467.422
23,54,467.750322
29,56,467.948712
22,55,468.3789
30,57,469.167
21,59,470.053
26,54,471.764628
25,54,471.85011
21,60,471.9
24,54,474.00957
22,56,474.10216
21,61,475.007
23,55,475.07306
22,57,476.76909
27,55,476.82899
23,56,480.154696
24,55,480.25582
26,55,481.062725
22,58,482.038
25,55,482.07621
33,61,483.425
28,56,483.995624
22,59,484.508
29,57,484.685934
31,59,485.688
32,60,486.36
23,57,486.484569
27,56,486.910816
30,58,486.964752
24,56,488.502448
25,56,489.346648
22,60,489.42
23,58,490.544164
22,61,491.477
26,56,492.259824
24,57,493.813458
28,57,494.243181
22,62,495.69
23,59,496.045745
22,63,497.007
29,58,497.116086
25,57,497.992641
27,57,498.287274
33,62,498.914
23,60,499.527
31,60,499.62
26,57,499.905903
30,59,499.952843
22,64,500.352
32,61,500.688
24,58,501.351884
25,58,504.405294
23,61,504.862779
24,59,505.517133
28,58,506.459422
27,58,506.860202
23,62,507.904
29,59,509.878
26,58,509.9505
24,60,512.1723
25,59,512.174339
23,63,512.379
23,64,514.88
30,60,514.983
31,61,515.232291
28,59,515.458692
24,61,516.049264
33,63,516.159
26,59,516.531489
34,64,516.672
32,62,517.142
27,59,517.314065
25,60,517.68828
23,65,518.44
29,60,519.93612
23,66,520.344
24,62,522.540278
23,67,523.404
25,61,524.533815
27,60,524.80596
30,61,525.228849
26,60,525.35106
24,63,525.724164
28,60,526.84644
31,62,528.155804
25,62,529.386938
33,64,530.304
32,63,530.379108
26,61,530.929848
34,65,531.05
24,64,531.267712
29,61,531.646354
24,65,534.105
27,61,534.125028
28,61,534.666525
25,63,535.821363
30,62,538.119266
24,66,538.626
26,62,538.958684
25,64,539.994688
29,62,540.521022
24,67,540.69
27,62,540.722584
31,63,540.787338
26,63,543.787587
24,68,544.884
28,62,545.262286
33,65,545.75521
32,64,545.844672
25,65,546.044265
35,67,546.184
24,69,546.756
30,63,547.235955
34,66,547.8
27,63,549.221085
25,66,549.898668
24,70,550.69
31,64,551.144384
26,64,551.192832
29,63,551.384694
28,63,552.100059
25,67,554.693
27,64,555.23328
26,65,555.51249
32,65,556.07877
25,68,557.668
33,66,558.914598
30,64,559.09792
29,64,559.3008
35,68,560.252
34,67,560.758778
36,69,561.177
28,64,561.757504
25,69,562.143
26,66,562.433784
27,65,562.69746
31,65,563.0404
25,70,564.9
26,67,566.047423
30,65,567.077225
28,65,567.8556
27,66,567.992106
25,71,569.065
29,65,569.21124
32,66,569.278842
25,72,571.464
33,67,571.548056
26,68,571.995464
31,66,572.177826
27,67,574.976647
26,69,575.598
35,69,575.798238
37,71,576.165
29,66,576.277152
34,68,576.439196
28,66,576.807528
36,70,577.92
30,66,578.135712
32,67,578.401419
27,68,579.656888
26,70,581.14
33,68,581.92666
28,67,582.61525
31,67,583.404577
26,71,584.117
30,67,585.188184
29,67,585.409686
27,69,586.076685
34,69,586.755783
35,70,589.03572
26,72,589.248
28,68,590.407688
27,70,590.52
37,72,590.544
32,68,590.793248
36,71,591.22623
38,73,591.446
31,68,591.682824
29,68,591.72852
26,73,591.738
33,69,594.215649
28,69,594.993831
30,68,595.38624
27,71,596.310114
26,74,596.514
26,75,598.65
32,69,598.986447
29,69,599.969076
27,72,600.192
34,70,600.32231
30,69,601.868301
31,69,601.995951
35,71,602.183802
28,70,602.30037
33,70,603.51662
29,70,605.28055
27,73,605.535
37,73,606.338
28,71,606.564076
39,75,606.675
36,72,606.910968
38,74,608.354
27,74,608.946
34,71,609.61026
31,70,609.6496
32,70,610.519
30,70,611.08656
35,72,612.814464
29,71,613.086562
28,72,613.455192
27,75,613.875
33,71,615.139172
27,76,616.816
30,71,616.921911
28,73,617.408596
36,73,617.593432
32,71,617.934939
29,72,618.2298
31,71,618.949884
37,74,620.246688
39,76,621.376
27,77,621.39
40,77,622.237
38,75,622.238325
34,72,622.403208
33,72,623.547216
28,74,623.82
31,72,625.470408
35,73,625.471519
29,73,625.505537
30,72,625.80996
28,75,627.45
32,72,628.68564
29,74,630.595588
34,73,630.833734
30,73,631.329185
36,74,631.444812
28,76,633.156
37,75,633.620625
33,73,634.341457
31,73,634.652729
35,74,635.183514
32,73,635.468577
28,77,636.405
29,75,637.13205
41,79,637.214
39,77,637.406
38,76,637.938604
40,78,639.132
30,74,639.563796
31,74,641.074358
36,75,641.507925
28,78,641.55
29,76,641.708052
33,74,642.320074
34,74,642.89091
28,79,643.297
30,75,644.437275
37,76,644.95234
32,74,645.6648
28,80,646.4
35,75,647.073675
29,77,647.416
31,75,649.5606
38,77,649.565686
34,75,650.918475
39,78,651.222
29,78,651.37215
41,80,652.08
32,75,652.170675
30,76,652.252748
33,75,652.56555
42,81,652.698
40,79,653.093
36,76,654.269332
31,76,655.463976
35,76,656.327032
29,79,656.648
30,77,656.810231
37,77,657.375103
29,80,659.2
33,76,659.894016
32,76,661.597936
34,76,662.072252
29,81,662.499
38,78,663.007488
31,77,663.23103
36,77,663.496372
30,78,663.575562
29,82,664.446
39,79,664.940393
35,77,667.344062
37,78,667.5513
43,83,667.569
30,79,667.595978
32,77,667.669156
41,81,668.088
40,80,668.8
31,78,669.015906
42,82,669.366
34,77,669.49113
33,77,669.590306
38,79,673.38178
30,80,673.8836
36,78,675.576564
35,78,675.632802
31,79,675.928977
39,80,676.342
32,78,676.389714
30,81,676.505925
33,78,676.56225
37,79,679.490218
40,81,679.942998
34,78,679.988868
31,80,680.67632
30,82,680.691594
41,82,681.83
43,84,682.08
32,79,682.125579
44,85,682.55
30,83,682.758
42,83,683.422
36,79,683.911848
33,79,685.452664
38,80,686.28768
35,79,686.319926
30,84,686.448
34,79,686.951768
31,81,687.151917
30,85,687.82
37,80,688.934
39,81,688.978062
32,80,690.2056
31,82,690.526018
33,80,692.1024
40,82,694.185432
35,80,694.21224
31,83,694.923725
32,81,695.033298
41,83,695.399232
36,80,695.43424
38,81,695.575674
34,80,696.86504
31,84,697.788
43,85,698.275
42,84,699.3
39,82,699.40055
44,86,699.438
37,81,700.286553
33,81,700.492536
31,85,701.675
32,82,702.227992
36,81,703.30842
34,81,703.565919
31,86,703.996
35,81,704.371626
40,83,704.537117
32,83,705.860635
33,82,706.135948
41,84,707.133168
31,87,707.223
38,82,708.128876
37,82,709.089014
42,85,710.713135
32,84,711.104016
39,83,711.613448
45,88,711.92
35,82,711.964508
43,86,712.08
34,82,712.842072
44,87,713.313
33,83,713.771199
32,85,714.15028
36,82,714.27535
38,83,716.987781
33,84,718.026792
40,84,718.118436
32,86,718.498094
34,83,718.660065
37,83,720.043094
41,85,720.265435
32,87,721.23
39,84,721.37352
35,83,721.550872
36,83,721.745507
33,85,723.43364
32,88,725.384
42,86,725.384974
43,87,726.253728
32,89,727.041
33,86,727.278006
34,84,727.338612
40,85,727.943315
35,84,728.391636
37,84,728.802816
38,84,728.911008
45,89,728.999
46,90,730.17
44,88,730.224
32,90,730.62
41,86,731.191092
34,85,731.87584
33,87,732.005037
36,84,732.265464
39,85,733.39258
33,88,735.152
42,87,736.230888
35,85,737.25532
38,85,737.43603
34,86,738.036692
43,88,738.316304
37,85,739.282485
33,89,739.323
36,85,739.37777
40,86,740.808386
33,90,741.96
34,87,742.030917
44,89,742.171
35,86,742.38339
47,92,742.9
39,86,742.904808
45,90,742.95
41,87,744.002859
46,91,744.471
33,91,745.563
34,88,747.560352
33,92,747.684
37,86,747.933486
35,87,748.71417
38,86,748.927216
36,86,749.234494
42,88,750.103904
40,87,750.257898
34,89,750.739831
43,89,752.101175
35,88,753.609736
41,88,754.373312
39,87,754.711428
36,87,754.749621
34,90,755.61894
44,90,756.87912
38,87,757.355532
45,91,757.848
37,87,757.855521
34,91,758.470167
35,89,759.239331
47,93,760.089
42,89,760.503576
46,92,761.116
48,94,761.306
36,88,761.802712
40,88,762.610904
34,92,762.68
35,90,763.03674
43,90,763.50231
37,88,763.93812
39,88,764.063432
34,93,764.739
36,89,766.718535
41,89,766.896268
35,91,768.214993
44,91,768.306448
38,88,768.46836
34,94,768.92
45,92,770.35464
34,95,770.64
37,89,771.112821
35,92,771.411812
40,89,771.928951
36,90,773.21331
46,93,773.667
42,90,773.73252
47,94,774.372
49,96,774.432
38,89,774.827058
39,89,775.544042
48,95,775.865
35,93,776.140614
43,91,776.835605
37,90,776.83608
41,90,777.00384
36,91,777.299341
35,94,778.696
39,90,782.40105
44,92,782.439116
38,90,782.63748
36,92,783.166008
35,95,783.18
37,91,783.288051
42,91,783.840148
40,90,783.89721
45,93,784.438725
35,96,785.664
36,93,786.604044
43,92,787.845956
37,92,788.386824
38,91,788.412625
46,94,788.818108
41,91,789.051627
35,97,789.58
47,95,789.64
39,91,790.329631
40,91,791.091574
49,97,791.811
35,98,791.84
36,94,791.887114
48,96,792.864
44,93,793.425966
37,93,794.30556
36,95,794.769525
38,92,795.699352
45,94,796.405788
42,92,796.51116
39,92,796.866188
41,92,796.938224
37,94,798.319816
40,92,799.726376
36,96,799.761696
43,93,800.597661
46,95,800.7531
38,93,800.989191
36,97,802.176808
47,96,802.58784
37,95,803.71976
39,93,804.348165
42,93,804.581037
41,93,805.769112
48,97,805.779
40,93,806.46066
49,98,806.54
44,94,806.864134
36,98,807.128
37,96,807.254016
38,94,807.820396
50,99,807.84
43,94,809.221184
36,99,809.622
45,95,809.91015
39,94,810.543764
38,95,812.165545
37,97,812.490042
41,94,812.996694
36,100,814
42,94,814.259302
40,94,814.679294
46,96,815.04192
44,95,815.80965
36,101,816.181
37,98,816.411442
47,97,816.973285
39,95,817.472435
38,96,818.04144
43,95,819.15555
45,96,819.328608
48,98,821.07291
40,95,821.14124
37,99,821.2347
41,95,821.48514
42,95,821.6284
38,97,821.770032
49,99,822.096
39,96,822.670848
37,100,824.432
46,97,824.73571
50,100,825.2974
44,96,826.503552
43,96,827.027136
47,98,827.285228
38,98,827.68301
41,96,828.373056
39,97,828.527634
40,96,828.991392
37,101,829.109
45,97,830.309718
42,96,830.782752
48,99,831.438927
38,99,831.852648
37,102,832.014
39,98,832.772346
49,100,833.1097
40,97,834.566563
44,97,834.615063
37,103,836.051
46,98,836.322102
50,101,836.391302
41,97,836.447296
43,97,836.501325
38,100,837.2234
42,97,837.603924
45,98,838.958694
47,99,839.002626
39,99,839.198745
38,101,840.79874
40,98,840.981904
41,98,842.437498
48,100,843.7737
43,98,843.780392
39,100,843.9476
44,98,844.790674
46,99,845.25507
40,99,845.387136
49,101,845.471
38,102,845.70444
42,98,846.246464
51,103,847.587
47,100,848.4994
38,103,849.029
50,102,849.09186
41,99,849.319515
45,99,849.436137
39,101,849.752491
42,99,852.171903
40,100,852.2153
44,99,852.262488
43,99,852.74739
48,101,853.486865
38,104,853.84
39,102,853.936044
41,100,854.8529
49,102,855.634242
46,100,856.3566
38,105,856.38
40,101,857.075092
45,100,857.5172
51,104,858.690976
50,103,859.200971
39,103,859.291714
43,100,859.5118
52,105,859.61778
47,101,859.767146
42,100,860.4662
38,106,860.614
44,100,861.9359
41,101,862.018335
38,107,862.848
39,104,862.992
40,102,863.56821
46,101,864.647264
48,102,865.381362
42,101,865.864415
45,101,867.409816
41,102,867.502656
49,103,867.643263
40,103,867.867185
43,101,867.906736
39,105,868.2471
44,101,868.737865
47,102,868.750728
39,106,871.108
51,105,871.60416
53,107,871.622
50,104,871.926744
52,106,873.097302
40,104,873.847208
42,102,873.9819
43,102,874.2063
41,103,874.298093
48,103,874.444662
45,102,874.852062
46,102,875.18958
39,107,875.474
49,104,877.264648
40,105,877.659195
44,102,877.957554
39,108,878.472
41,104,879.159736
47,103,879.378053
42,103,879.447784
50,105,881.70894
51,106,882.133272
43,103,882.308609
39,109,882.464
46,103,882.814957
40,106,882.8157
53,108,882.887472
52,107,883.488193
54,109,883.696354
45,103,884.171776
44,103,884.189595
41,105,885.32766
48,104,885.832688
40,107,886.716811
42,104,886.90836
47,104,887.763136
43,104,888.279496
49,105,888.79392
41,106,889.686726
45,104,891.170696
40,108,891.756
42,105,891.966915
46,104,892.824192
44,104,893.089496
50,106,893.796028
48,105,894.26946
51,107,894.384538
40,109,894.672
41,107,895.278523
55,111,895.659
53,109,895.981744
43,105,896.137515
52,108,896.801868
54,110,897.5208
47,105,897.78885
49,106,897.83272
42,106,898.835586
44,105,898.9995
41,108,899.17182
40,110,899.47
46,105,899.91825
45,105,900.13392
43,106,901.694936
40,111,902.208
50,107,903.025858
42,107,903.32396
51,108,904.247928
41,109,904.38717
48,106,905.139088
47,106,905.731734
40,112,906.528
45,106,906.716686
52,109,906.80697
53,110,906.84473
55,112,907.24872
44,106,907.45964
54,111,908.065026
56,113,908.068
41,110,908.0786
43,107,908.739979
49,107,908.860247
46,106,909.479152
42,108,909.599652
41,111,912.753
48,107,913.068557
44,107,913.070162
42,109,913.580993
43,108,913.984128
50,108,914.654916
47,107,915.2673
45,107,915.289021
46,107,916.015658
51,109,916.124835
41,112,916.16
49,108,917.487108
52,110,919.39265
53,111,919.405674
42,110,919.52894
43,109,920.415402
41,113,920.498
55,113,920.794286
44,108,920.9403
45,108,921.52836
54,112,921.767168
56,114,922.224204
47,108,922.5387
42,111,922.997412
50,109,923.286462
41,114,923.4
48,108,923.402052
46,108,925.238484
43,110,925.23849
51,110,925.39491
44,109,926.088743
41,115,927.475
49,109,927.928118
42,112,928.592
52,111,928.821693
45,109,929.567478
53,112,929.586448
48,109,930.725276
43,111,931.299879
46,109,931.392138
42,113,931.685
47,109,931.722735
55,114,931.783332
54,113,932.015751
57,116,932.292
56,115,933.455
44,110,933.49421
50,110,934.56957
45,110,935.46794
43,112,935.605552
49,110,935.97988
51,111,936.85332
42,114,937.08
44,111,938.278227
47,110,938.53188
42,115,940.125
46,110,940.18782
48,110,940.64025
52,112,940.873024
43,113,941.229432
53,113,941.713976
50,111,942.73743
45,111,943.015041
55,115,944.84
42,116,944.936
54,114,944.96937
43,114,945.089526
44,112,945.195104
51,112,945.686784
46,111,945.914139
49,111,945.973302
57,117,946.179
56,116,947.024
47,111,947.361357
48,111,947.615769
42,117,947.7
45,112,948.51344
44,113,949.503744
52,113,949.723868
43,115,950.880605
53,114,951.444
42,118,952.142
50,112,953.525216
49,112,953.642704
47,112,953.80096
43,116,954.1
46,112,954.321088
54,115,954.61155
55,116,955.26
45,113,955.620773
44,114,955.92876
51,113,956.576075
48,112,957.00976
57,118,957.334
56,117,957.990501
58,119,959.021
43,117,959.049
46,113,959.661992
44,115,959.967905
45,114,960.635136
50,113,961.269643
52,114,961.336692
47,113,962.315345
43,118,962.526
53,115,963.07486
49,113,963.090977
48,113,963.549531
51,114,964.727052
44,116,965.918428
54,116,967.072744
45,115,967.22567
43,119,967.232
46,114,967.63314
55,117,967.808088
47,114,968.290692
44,117,969.410754
52,115,969.58225
49,114,970.364922
43,120,970.44
57,119,970.683
56,118,970.904
50,114,971.572524
45,116,971.80334
59,121,971.872
53,116,972.300632
48,114,972.592482
46,115,972.63987
58,120,972.84
43,121,974.776
44,118,975.27
51,115,975.305225
54,117,976.282749
47,115,976.413825
55,118,977.795672
45,117,978.035877
44,119,978.656
48,115,978.73326
50,115,979.117935
49,115,979.40279
46,116,980.11648
52,116,980.859692
56,119,981.265432
57,120,981.48
47,116,982.045212
45,118,982.097244
51,116,983.195236
53,117,983.315853
59,122,983.32
58,121,983.972
44,120,984.12
46,117,984.780693
49,116,986.187572
44,121,987.239
48,116,987.4326
45,119,988.103886
54,118,988.247758
50,116,988.681456
52,117,988.757523
47,117,989.755884
55,119,989.762746
46,118,991.816196
53,118,991.92216
45,120,992.16
44,122,992.47
51,117,993.083949
48,117,993.209841
56,120,993.63528
57,121,994.257
49,117,994.952205
47,118,995.198902
44,123,995.439
50,117,995.624487
46,119,995.906716
59,123,996.792
54,119,997.034479
58,122,997.228
45,121,997.673919
60,124,998.448
55,120,999.4176
52,118,999.430028
44,124,1000.432
51,118,1000.51197
49,118,1001.308706
48,118,1001.564412
45,122,1001.62
47,119,1002.362228
53,119,1002.787891
46,120,1002.8502
56,121,1003.562747
57,122,1004.67
50,118,1004.950894
46,121,1006.823818
45,123,1006.878
48,119,1006.911122
52,119,1006.985854
47,120,1007.43924
58,123,1007.739
59,124,1007.872
54,120,1008.48372
61,126,1008.63
60,125,1009.625
49,119,1009.851017
51,119,1010.06129
45,124,1010.476
55,121,1010.702594
53,120,1010.84664
50,119,1011.434431
46,122,1013.32895
47,121,1014.26193
48,120,1014.96276
56,122,1015.498232
45,125,1015.75
49,120,1015.95144
57,123,1016.841
54,121,1016.863672
51,120,1017.0762
46,123,1017.213813
52,120,1017.24408
47,122,1019.036476
45,126,1019.088
55,122,1019.816422
48,121,1020.150516
58,124,1020.396
50,120,1020.53904
59,125,1020.75
53,121,1021.416418
61,127,1022.096
60,126,1022.994
62,128,1023.232
46,124,1023.248
45,127,1023.874
49,121,1024.130327
52,121,1024.492843
56,123,1024.615584
47,123,1025.549769
51,121,1026.329986
57,124,1026.508208
50,121,1026.709321
46,125,1027
48,122,1027.760452
54,122,1027.809008
53,122,1029.316806
49,122,1029.938396
58,125,1030.25
47,124,1030.27322
55,123,1030.786617
59,126,1031.184
48,123,1032.633585
46,126,1032.822
51,122,1033.136382
61,128,1033.216
63,130,1033.63
60,127,1033.653
52,122,1034.33308
62,129,1034.709
50,122,1035.524654
54,123,1035.774021
56,124,1036.12168
46,127,1036.193
47,125,1036.66425
49,123,1037.867358
57,125,1038.080375
53,123,1039.251354
55,124,1039.545568
48,124,1039.99234
47,126,1040.886
52,123,1041.262158
50,123,1041.470889
46,128,1041.664
51,123,1042.096344
58,126,1042.430382
46,129,1042.836
49,124,1043.378532
59,127,1043.432
48,125,1044.710125
56,125,1044.77225
54,124,1046.25806
61,129,1046.319
60,128,1046.528
47,127,1046.734
53,124,1046.744636
63,131,1047.345
57,126,1047.365676
62,130,1048.32
51,124,1048.56384
50,124,1049.960204
55,125,1049.9735
52,124,1050.686596
47,128,1051.008
49,125,1051.0565
58,127,1051.660457
48,126,1051.690122
59,128,1053.300864
54,125,1053.86125
50,125,1055.69375
56,126,1055.844468
48,127,1056.252015
53,125,1056.2875
47,129,1056.381
49,126,1056.423942
60,129,1056.51
61,130,1056.9
52,125,1057.255625
51,125,1057.27125
47,130,1058.2
55,126,1058.307768
57,127,1058.35958
63,132,1058.376
62,131,1059.004
64,133,1059.212
47,131,1060.969
47,132,1062.468
48,128,1062.817792
58,128,1063.2864
53,126,1063.432944
51,126,1063.479564
49,127,1063.618523
50,126,1063.883898
54,126,1063.886166
56,127,1064.063785
59,129,1064.81502
52,126,1066.369248
48,129,1066.705386
57,128,1067.16032
55,127,1068.268374
60,130,1068.92669
49,128,1068.93952
61,131,1069.222
50,127,1069.410739
54,127,1071.132097
63,133,1071.448
65,135,1071.63
51,127,1071.85714
62,132,1071.972
58,129,1072.11126
53,127,1072.576849
52,127,1072.656986
64,134,1072.804
48,130,1072.83618
59,130,1074.28828
56,128,1074.69568
48,131,1075.008925
49,129,1075.70262
55,128,1076.031104
50,128,1077.373312
51,128,1077.8592
57,129,1077.930708
60,131,1078.169824
48,132,1078.176
61,132,1079.364
53,128,1079.403008
48,133,1079.827
54,128,1080.742144
49,130,1080.81948
52,128,1081.440256
63,134,1082.184
62,133,1082.221
56,129,1082.451642
50,129,1082.673522
65,136,1082.968
48,134,1082.988
58,130,1083.31808
64,135,1083.915
59,131,1085.484733
55,129,1085.670063
51,129,1085.929482
57,130,1086.30483
49,131,1087.032629
52,129,1087.522761
54,129,1087.64931
53,129,1088.24271
49,132,1089.49038
60,132,1089.89892
50,130,1090.28608
61,133,1091.169639
51,130,1091.65719
58,131,1091.674876
49,133,1092.595
56,130,1092.72137
55,130,1093.14192
62,134,1094.378
63,135,1094.445
59,132,1094.482884
53,130,1094.743
49,134,1094.914
50,131,1095.489727
65,137,1095.863
52,130,1095.94212
57,131,1096.518077
64,136,1096.704
54,130,1096.90503
66,138,1097.1
49,135,1097.82
60,133,1098.876723
51,131,1099.424312
49,136,1099.832
56,131,1100.214897
61,134,1100.57215
52,131,1101.871523
55,131,1102.372336
49,137,1102.439
58,132,1102.508616
50,132,1102.843104
53,131,1103.320907
54,131,1103.509416
62,135,1103.97951
57,132,1104.543792
63,136,1104.592
51,132,1105.149408
50,133,1105.241704
59,133,1105.264314
65,138,1106.622
67,140,1106.84
64,137,1106.96
66,139,1107.969
50,134,1108.872914
55,132,1109.537484
53,132,1109.652984
52,132,1109.92002
56,132,1110.0375
60,134,1110.262092
58,133,1110.527257
50,135,1111.142745
61,135,1111.956795
54,132,1112.446104
51,133,1112.508957
59,134,1113.926054
57,133,1114.385853
50,136,1114.52
51,134,1115.6773
52,133,1115.740325
62,136,1116.004576
50,137,1116.413
63,137,1116.628501
56,133,1117.227398
53,133,1117.879098
55,133,1118.527074
54,133,1118.882051
60,135,1118.900655
65,139,1119.228
51,135,1119.418515
50,138,1119.594
64,138,1119.594
67,141,1119.963
68,142,1120.948
58,134,1121.013314
66,140,1121.12
61,136,1121.14592
50,139,1121.174
57,134,1122.181392
51,136,1122.306272
52,134,1123.408162
53,134,1124.135514
59,135,1124.40528
62,137,1125.291422
55,134,1125.418564
51,137,1125.931212
63,138,1126.30356
52,135,1126.67463
56,134,1126.694914
54,134,1127.435666
51,138,1128.162558
58,135,1128.86784
64,139,1129.514
65,140,1129.61408
60,136,1129.957632
69,144,1130.544
67,142,1131.03
52,136,1131.442344
57,135,1131.677325
51,139,1131.738
66,141,1131.807
53,135,1131.9426
61,137,1132.120187
68,143,1132.274
59,136,1132.881088
56,135,1133.666955
54,135,1133.79426
51,140,1134
55,135,1134.18036
52,137,1134.392195
53,136,1135.779928
62,138,1136.834064
51,141,1137.306
63,139,1138.023302
60,137,1138.414241
58,136,1138.83136
52,138,1138.855764
57,136,1139.1428
53,137,1140.662274
55,136,1141.00872
61,138,1141.059072
52,139,1141.436169
64,140,1141.6965
65,141,1141.743975
54,136,1141.881568
56,136,1142.77468
59,137,1142.813722
67,143,1143.857
69,145,1143.905
53,138,1144.357272
66,142,1144.662
68,144,1145.664
62,139,1145.787842
52,140,1145.87858
54,137,1145.907182
58,137,1146.312976
63,140,1147.68248
52,141,1147.881
57,137,1148.317423
60,138,1148.919276
53,139,1148.919651
55,137,1149.286972
56,137,1149.680299
59,138,1150.81719
64,141,1151.209728
54,138,1151.56722
61,139,1151.690477
52,142,1151.762
65,142,1151.833994
53,140,1152.12622
55,138,1153.699596
52,143,1153.724
67,144,1154.461968
66,143,1154.732436
54,139,1155.31101
69,146,1155.444
57,138,1155.76725
58,138,1156.036626
68,145,1156.375
53,141,1156.517955
62,140,1156.9348
60,139,1156.986238
56,138,1158.29196
63,141,1158.693444
53,142,1159.432698
55,139,1159.584982
61,140,1160.47498
59,139,1160.573411
54,140,1160.72418
56,139,1163.015363
64,142,1163.016352
53,143,1163.305
58,139,1163.484905
65,143,1163.765031
55,140,1164.0055
54,141,1164.006324
57,139,1164.545475
62,141,1165.484145
53,144,1166.112
67,145,1167.04381
66,144,1167.204816
60,140,1167.3025
63,142,1168.152634
69,147,1168.476099
59,140,1168.51406
54,142,1169.109998
56,140,1169.4424
55,141,1169.504196
68,146,1169.534752
57,140,1169.70658
53,145,1169.86
70,148,1170.088
61,141,1170.85554
54,143,1172.154555
64,143,1172.359474
58,140,1172.68438
55,142,1173.612534
65,144,1173.785328
56,141,1173.976998
60,141,1175.307615
57,141,1176.393597
62,142,1176.608024
54,144,1176.895296
66,145,1176.94876
67,146,1177.233332
59,141,1177.912872
58,141,1178.112528
55,143,1178.84481
63,143,1179.151831
69,148,1179.338
61,142,1179.546004
54,145,1179.587615
71,150,1179.75
68,147,1179.891825
56,142,1180.157882
70,149,1181.123
57,142,1181.557576
55,144,1182.512016
59,142,1183.75602
64,144,1183.958928
54,146,1184.12059
56,143,1184.324141
60,142,1185.13626
62,143,1185.210026
58,142,1185.284082
65,145,1185.876845
54,147,1186.584
55,145,1187.366285
57,143,1187.776161
63,144,1188.600912
66,146,1189.332352
61,143,1189.435819
67,147,1189.823439
56,144,1190.225376
58,143,1190.428954
55,146,1190.693656
54,148,1190.956
59,143,1191.108204
60,143,1191.259784
57,144,1192.525632
69,149,1192.596
68,148,1192.834416
64,145,1193.19717
71,151,1193.353
56,145,1194.04571
70,150,1194.6
65,146,1195.323316
55,147,1195.3746
62,144,1195.729776
61,144,1195.962624
59,144,1196.86176
58,144,1197.32544
55,148,1198.436808
57,145,1198.582615
63,145,1199.04473
66,147,1199.044749
60,144,1199.076768
56,146,1199.547972
67,148,1200.128892
58,145,1202.031875
62,145,1202.486885
57,146,1202.868888
55,149,1202.877
56,147,1202.93628
69,150,1203.15
68,149,1203.168295
59,145,1203.808415
61,145,1203.885265
64,146,1204.427876
71,152,1204.752
60,145,1204.832115
70,151,1205.547005
55,150,1205.85
72,153,1205.946
63,146,1206.242072
65,147,1206.373728
56,148,1208.337268
57,147,1208.568291
58,146,1208.671658
59,146,1208.934896
55,151,1209.963
61,146,1210.143484
66,148,1210.779564
62,146,1210.903122
64,147,1211.770392
67,149,1211.855591
56,149,1211.935157
60,146,1212.397432
57,148,1212.669968
55,152,1212.808
58,147,1213.121469
65,148,1214.239508
63,147,1214.740527
68,150,1215.32925
69,151,1215.559664
59,147,1215.769233
56,150,1216.8
62,147,1217.244525
60,147,1217.689641
71,153,1217.73771
61,147,1217.802684
73,155,1217.835
57,149,1218.252459
70,152,1218.346272
66,149,1218.687241
72,154,1219.372
58,148,1219.577276
56,151,1219.929
67,150,1220.2263
64,148,1220.754024
59,148,1220.93192
63,148,1221.566396
57,150,1222.23375
65,149,1223.262435
61,148,1223.697448
68,151,1223.835672
58,149,1223.920121
69,152,1224.578576
56,152,1224.664
60,148,1225.022196
62,148,1225.385684
71,154,1227.226
70,153,1227.366
57,151,1227.485493
59,149,1227.507147
56,153,1227.519
64,149,1227.683116
73,156,1227.876
66,150,1228.37235
74,157,1228.839
72,155,1228.84
63,149,1229.779546
67,151,1229.974426
60,149,1230.060858
58,150,1230.1683
65,150,1230.9507
61,149,1230.967374
62,149,1231.256434
57,152,1231.504
56,154,1232
59,150,1232.83965
68,152,1234.141048
58,151,1234.617827
69,153,1234.902933
66,151,1235.886378
63,150,1236.2019
64,150,1236.39135
57,153,1236.393
61,150,1236.5715
60,150,1237.43655
67,152,1238.027688
71,155,1238.05258
70,154,1238.150606
62,150,1239.24315
59,151,1239.390031
75,159,1239.405
65,151,1239.539823
73,157,1239.678751
57,154,1239.854
58,152,1240.472
72,156,1240.6134
74,158,1240.932
68,153,1242.180531
60,151,1242.771072
64,151,1242.887493
69,154,1243.428032
63,151,1244.133847
57,155,1244.34
61,151,1244.43177
59,152,1244.439808
58,153,1244.502
62,151,1244.839621
66,152,1245.323232
65,152,1246.704608
70,155,1246.792565
71,156,1247.278344
67,153,1247.506461
57,156,1247.532
73,158,1249.306
75,160,1249.44
72,157,1249.72
58,154,1249.864
76,161,1250.004
60,152,1250.04876
59,153,1250.321508
61,152,1250.371304
63,152,1250.440616
74,159,1250.694
64,152,1251.476952
68,154,1252.388368
66,153,1252.419597
62,152,1253.097272
58,155,1253.485
69,155,1253.698125
59,154,1254.929368
67,154,1255.204874
60,153,1255.301046
65,153,1255.372344
70,156,1257.626916
64,153,1257.723954
61,153,1257.836256
71,157,1258.090769
58,156,1258.608
62,153,1258.965702
63,153,1258.990947
68,155,1260.06382
59,155,1260.311045
73,159,1260.667275
72,158,1261.041608
75,161,1261.646232
66,154,1261.741866
58,157,1261.809
60,154,1261.867068
69,156,1261.978068
65,154,1262.286564
76,162,1262.466
74,160,1262.84352
61,154,1263.77174
59,156,1264.536
67,155,1264.676465
63,154,1265.433092
70,157,1265.854419
60,155,1266.39712
58,158,1266.528
64,154,1266.618584
62,154,1266.93259
71,158,1266.933744
66,155,1268.57487
59,157,1269.502
72,159,1269.86304
73,160,1270.1232
68,156,1270.137648
61,155,1270.27088
77,164,1270.836
75,162,1271.376
65,155,1271.45167
69,157,1271.924196
67,156,1272.187176
74,161,1272.222
76,163,1272.378
60,156,1272.658296
62,155,1272.739565
64,155,1273.053905
59,158,1273.48
63,155,1273.58447
61,156,1275.56598
70,158,1276.514074
60,157,1276.717563
68,157,1277.410875
71,159,1277.5014
66,156,1278.019548
59,159,1278.201
65,156,1278.363684
63,156,1279.920252
62,156,1279.980468
69,158,1279.989442
72,160,1281.0208
73,161,1281.149772
64,156,1281.590232
67,157,1281.612352
59,160,1281.76
61,157,1281.770765
60,158,1282.328
75,163,1282.950995
77,165,1283.04
78,166,1283.512
74,162,1283.659002
70,159,1284.413766
76,164,1284.659724
66,157,1284.986439
62,157,1285.368891
71,160,1286.13408
60,159,1286.151
61,158,1286.634132
65,157,1287.107666
63,157,1287.367815
68,158,1287.372308
64,157,1287.950128
67,158,1289.038418
72,161,1289.467837
69,159,1289.927886
73,162,1290.22227
60,160,1291.68
62,158,1292.012926
61,159,1292.170581
75,164,1292.492528
74,163,1292.639226
77,166,1292.974
63,158,1293.23553
78,167,1293.582
65,158,1293.886174
66,158,1294.04054
76,165,1294.095
68,159,1294.700907
70,160,1294.80912
60,161,1295.084
64,158,1295.887402
71,161,1296.497741
61,160,1296.64
62,159,1297.041705
69,160,1297.73088
67,159,1298.251695
63,159,1300.094823
60,162,1300.212
72,162,1300.39344
66,159,1300.871697
73,163,1301.04807
64,159,1301.830626
61,161,1302.007
65,159,1302.0192
70,161,1302.557137
62,160,1303.14
75,165,1303.75113
79,169,1304.004
74,164,1304.038128
68,160,1304.27536
77,167,1304.741775
71,162,1304.838558
67,160,1305.37632
63,160,1305.60336
76,166,1305.811776
78,168,1305.96564
61,162,1306.206
69,161,1307.39889
62,161,1307.648601
65,160,1308.3944
72,163,1308.559436
64,160,1309.28224
66,160,1309.44864
73,164,1309.867508
61,163,1311.172
68,161,1311.484104
63,161,1311.98578
70,162,1312.61553
74,165,1312.73472
75,166,1313.056182
62,162,1313.658
79,170,1314.1
80,171,1314.135
67,161,1314.262159
77,168,1314.4068
61,164,1314.788
71,163,1314.869492
64,161,1314.917751
76,167,1314.953658
69,162,1315.049256
78,169,1315.496
66,161,1315.90291
65,161,1316.091119
63,162,1316.968956
62,163,1317.855
72,164,1319.185496
70,163,1320.159494
73,165,1320.50391
68,162,1320.688314
67,162,1321.177716
64,162,1321.76367
65,162,1322.37684
71,164,1322.791856
63,163,1322.821773
62,164,1323.316
74,166,1323.833068
66,162,1324.100034
75,167,1324.143
69,163,1324.371577
77,169,1325.905724
79,171,1325.952126
76,168,1326.518088
80,172,1326.737652
64,163,1326.868411
72,165,1327.07388
62,165,1327.095
78,170,1327.40012
68,163,1327.592783
63,164,1327.744
73,166,1328.825186
65,163,1329.368179
67,163,1329.585784
70,164,1329.949144
66,163,1330.370955
69,164,1331.618172
62,166,1331.984
74,167,1332.114411
71,165,1332.662925
75,168,1333.10016
63,165,1333.2
64,164,1333.32
65,164,1334.92146
77,170,1335.18
76,169,1335.316996
79,172,1335.779176
67,164,1336.260356
80,173,1336.425
68,164,1336.43928
78,171,1336.641849
70,165,1337.298435
72,166,1337.368708
63,166,1337.794
66,164,1338.029096
64,165,1338.15
73,167,1339.149787
71,166,1340.31305
69,165,1340.71509
65,165,1341.45
63,167,1342.68
74,168,1342.980744
68,165,1343.08944
66,165,1343.744985
75,169,1343.785755
67,165,1344.24906
64,166,1344.268
72,167,1345.048728
63,168,1346.352
77,171,1346.366619
76,170,1346.59176
70,166,1346.670186
65,166,1346.87088
73,168,1347.263904
79,173,1347.365001
69,166,1347.745036
78,172,1348.350484
80,174,1348.462416
64,167,1348.692
71,167,1349.864507
67,166,1350.492834
66,166,1350.78848
74,169,1351.076753
68,166,1351.565194
75,170,1352.36105
65,167,1353.034
70,167,1353.736235
64,168,1354.248
72,168,1355.012904
76,171,1355.038884
77,172,1355.405236
66,167,1356.205664
69,167,1356.471695
81,176,1356.60008
79,174,1356.852
73,169,1357.231733
78,173,1357.25766
71,168,1357.502496
67,167,1357.773293
65,168,1357.776
80,175,1357.865425
68,167,1358.001582
64,169,1358.084
74,170,1361.52116
72,169,1362.440482
75,171,1362.769452
70,168,1362.798864
66,168,1362.906048
69,168,1363.312272
64,170,1363.4
65,169,1363.492
67,168,1363.625256
73,170,1365.15032
68,168,1365.772968
76,172,1366.052036
77,173,1366.365591
71,169,1366.590615
65,170,1367.99
66,169,1368.014947
79,175,1368.079125
81,177,1368.593559
78,174,1368.704358
82,178,1368.96774
74,171,1369.387665
70,169,1369.665908
80,176,1369.74904
67,169,1370.432492
75,172,1371.127584
69,169,1371.345937
68,169,1371.776211
72,170,1372.04875
65,171,1373.301
71,170,1373.88356
66,170,1374.11
76,173,1374.317709
73,171,1374.804261
77,174,1375.032042
67,170,1375.94532
78,175,1377.1709
65,172,1377.204
79,176,1377.267408
69,170,1377.93789
81,178,1378.076
70,170,1378.12353
82,179,1378.562772
66,171,1378.773
80,177,1378.817964
68,170,1379.03303
72,171,1379.297628
74,172,1379.4701
75,173,1381.215738
67,171,1382.296968
71,171,1382.477031
73,172,1382.48526
66,172,1384.6
68,171,1384.714566
70,171,1384.737822
76,174,1384.946214
69,171,1385.423703
77,175,1385.63425
74,173,1387.171609
67,172,1387.352
72,172,1388.339796
79,177,1388.362866
78,176,1388.462592
66,173,1388.671
75,174,1389.406356
71,172,1389.455904
81,179,1389.664173
80,178,1390.422614
82,180,1390.626
68,172,1391.55052
73,173,1391.623072
69,172,1391.659052
70,172,1392.757788
76,175,1393.127575
67,173,1393.342
66,174,1394.088
77,176,1394.189456
72,173,1395.420768
74,174,1396.742544
68,173,1396.802
78,177,1396.970553
79,178,1397.192844
71,173,1397.67219
67,174,1397.742
69,173,1398.612099
81,180,1398.85362
73,174,1399.038648
75,175,1399.0928
80,179,1399.106244
70,173,1399.124871
82,181,1399.873367
68,174,1403.136
76,176,1403.191504
67,175,1403.325
72,174,1403.924742
74,175,1404.2196
69,174,1404.291708
77,177,1404.429864
71,174,1404.432822
70,174,1406.589378
75,176,1406.93872
67,176,1407.472
78,178,1407.668856
73,175,1407.777875
68,175,1407.875
79,179,1407.949023
81,181,1410.337158
80,180,1410.4998
72,175,1410.633175
69,175,1410.80905
76,177,1411.121172
82,182,1411.652424
71,175,1412.0995
70,175,1412.411875
77,178,1412.705722
74,176,1413.299712
68,176,1413.984
73,176,1414.80592
69,176,1415.941296
78,179,1416.010825
75,177,1416.216294
79,180,1416.65724
68,177,1418.301
71,176,1418.38752
72,176,1418.799184
81,182,1418.93752
80,181,1418.981899
83,184,1419.124472
70,176,1419.27896
74,177,1420.431195
82,183,1420.473816
76,178,1420.780336
69,177,1422.195
77,179,1422.606796
73,177,1423.226379
75,178,1423.671946
68,178,1423.822
70,177,1424.845221
72,177,1425.174795
71,177,1425.460296
78,180,1426.24998
69,178,1426.848
79,181,1426.974135
76,179,1428.32692
74,178,1429.207746
80,182,1429.968904
73,178,1430.23
81,183,1430.268159
83,185,1430.42
77,180,1430.57394
84,186,1431.446886
71,178,1431.485612
70,178,1431.625698
82,184,1432.0214
69,179,1432.358
75,179,1432.674114
72,178,1432.800676
78,181,1434.266806
79,182,1435.475132
74,179,1436.167299
70,179,1436.475
69,180,1436.76
76,180,1437.7365
73,179,1438.011715
80,183,1438.268004
71,179,1438.278067
81,184,1438.635464
72,179,1438.899734
83,186,1439.476506
75,180,1439.99838
77,181,1440.130663
82,185,1440.58242
84,187,1440.790681
69,181,1442.027
70,180,1442.7
71,180,1443.96684
78,182,1444.125228
74,180,1444.57956
73,180,1444.65858
76,181,1445.000106
79,183,1445.437212
72,180,1446.2874
70,181,1447.276
77,182,1447.790708
75,181,1448.749883
80,184,1448.883528
81,185,1449.581375
71,181,1450.159149
83,187,1450.784896
74,181,1451.248588
82,186,1451.794542
78,183,1451.800488
72,181,1451.982362
84,188,1452.234764
73,181,1452.2354
70,182,1453.088
79,184,1453.635696
76,182,1454.130496
71,182,1455.272
75,182,1455.74975
80,185,1456.78953
77,183,1457.013609
70,183,1457.412
81,186,1457.78151
73,182,1458.298296
72,182,1458.700334
74,182,1459.332056
83,188,1459.667532
82,187,1460.1708
84,189,1461.183759
71,183,1461.220596
76,183,1461.25683
78,184,1461.433616
70,184,1462.984
79,185,1463.2464
72,183,1464.004941
75,183,1464.184647
77,184,1464.492432
73,183,1465.232505
74,183,1465.522926
71,184,1465.928
70,185,1466.865
80,186,1467.21636
81,187,1468.410768
78,185,1468.858745
76,184,1469.916568
72,184,1470.292848
83,189,1470.608811
75,184,1470.666
73,184,1470.850368
82,188,1471.070484
79,186,1471.17444
85,191,1471.258293
71,185,1471.49
84,190,1472.39702
74,184,1472.934168
77,185,1473.28857
80,187,1474.866569
72,185,1475.18445
71,186,1475.91
81,188,1476.373964
76,185,1476.54124
73,185,1477.4766
78,186,1478.106474
75,185,1478.336665
74,185,1478.687795
82,189,1479.170511
83,190,1479.21498
77,186,1480.196742
85,192,1480.267584
79,187,1480.558849
84,191,1480.973126
72,186,1481.360172
71,187,1481.414
86,193,1481.439436
73,186,1482.76131
75,186,1484.516034
76,186,1484.806566
78,187,1484.998416
80,188,1485.021776
71,188,1485.576
74,186,1485.879786
72,187,1485.902
81,189,1486.72503
79,188,1487.973564
77,187,1488.644916
73,187,1489.120644
82,190,1489.81451
83,191,1489.926251
76,187,1491.09686
85,193,1491.332037
74,187,1491.346692
75,187,1491.876837
72,188,1491.968
84,192,1492.0464
80,189,1492.517691
86,194,1492.830194
73,188,1493.908348
78,188,1494.205576
81,190,1494.55216
77,188,1495.5118
72,189,1496.313
79,189,1497.255543
82,191,1497.700333
75,188,1497.748436
74,188,1498.181776
83,192,1498.292736
76,188,1499.086432
85,194,1500.056306
73,189,1500.282
84,193,1500.37235
78,189,1500.925167
86,195,1501.574685
72,190,1502.33
80,190,1502.33323
74,189,1503.202806
77,189,1503.68778
81,191,1504.534504
79,190,1504.57846
75,189,1504.781901
73,190,1504.99
76,189,1505.007378
82,192,1508.096448
83,193,1508.714003
80,191,1509.6258
78,190,1509.83367
74,190,1510.03887
77,190,1510.06319
75,190,1510.51007
85,195,1510.877745
73,191,1511.001
84,194,1511.123036
87,197,1511.731311
81,192,1512.195072
86,196,1512.725452
76,190,1512.79976
79,191,1513.614071
74,191,1514.904085
73,192,1515.648
82,193,1515.806367
78,191,1516.296857
83,194,1516.92965
75,191,1517.295787
77,191,1518.089583
76,191,1518.558488
80,192,1519.116672
84,195,1519.245975
85,196,1519.393372
87,198,1520.48259
79,192,1520.659584
86,197,1521.257246
74,192,1521.408
73,193,1521.612
81,193,1521.871392
75,192,1522.605696
77,192,1524.287808
78,192,1524.958272
82,194,1525.891092
73,194,1526.004
76,192,1526.1168
80,193,1526.238596
74,193,1526.244
83,195,1526.997615
75,193,1529.319841
79,193,1529.363652
81,194,1529.40288
84,196,1529.734136
85,197,1529.905349
78,193,1531.220698
87,199,1531.356541
76,193,1531.70011
77,193,1532.059669
86,198,1532.069352
74,194,1532.406
82,195,1533.46206
75,194,1534.346
83,196,1535.0524
80,194,1535.431818
79,194,1536.242156
74,195,1536.99
84,197,1537.690395
77,194,1538.126478
85,198,1538.335854
81,195,1538.69196
76,194,1538.812268
78,194,1539.572554
87,200,1540.0668
86,199,1540.409847
75,195,1540.89
88,201,1541.55141
80,195,1542.332415
74,196,1542.912
82,196,1543.174052
76,195,1543.96008
79,195,1544.668515
83,197,1544.801898
77,195,1545.358425
78,195,1545.67764
75,196,1545.852
81,196,1546.104644
74,197,1547.238
84,198,1547.877078
85,199,1548.516112
82,197,1550.642554
87,201,1550.682036
76,196,1550.796884
86,200,1550.9864
77,196,1551.173008
80,196,1551.216324
79,196,1551.31158
75,197,1551.966
88,202,1552.484736
83,198,1552.555422
78,196,1553.599684
81,197,1555.021076
84,199,1555.683495
76,197,1555.906
75,198,1556.676
85,200,1556.7518
80,197,1558.00208
77,197,1558.072803
86,201,1559.125242
87,202,1559.245676
79,197,1559.383838
78,197,1559.446287
82,198,1560.035862
88,203,1560.969109
83,199,1562.054878
81,198,1562.2794
75,199,1562.349
76,198,1562.418
77,198,1563.606
84,200,1565.488
79,198,1565.896266
80,198,1566.487296
85,201,1566.624753
78,198,1567.0017
76,199,1567.125
82,199,1567.271464
86,202,1569.398802
87,203,1569.536724
83,200,1569.6994
77,199,1570.349994
81,199,1570.881523
89,205,1570.884455
88,204,1571.645376
78,199,1572.5577
84,201,1573.138761
80,199,1573.150521
79,199,1573.480463
76,200,1573.6
85,202,1574.497282
77,200,1575.6
82,200,1576.362
86,203,1577.349179
87,204,1577.877168
81,200,1577.9406
76,201,1578.051
83,201,1578.816408
89,206,1579.583074
79,200,1579.6982
78,200,1579.8396
88,205,1579.93459
80,200,1581.179
77,201,1582.071
84,202,1582.63061
82,201,1583.453277
76,202,1584.084
85,203,1584.140544
78,201,1585.052433
81,201,1586.145471
83,202,1586.212878
76,203,1586.648
77,202,1586.912
79,201,1586.930175
86,204,1587.237096
80,201,1587.40956
87,205,1587.86563
89,207,1589.987493
84,203,1590.071189
88,206,1590.279212
90,208,1591.739136
85,204,1591.924608
78,202,1592.07512
82,202,1592.1943
77,203,1592.941
79,202,1592.953618
81,202,1593.016238
86,205,1595.04801
83,203,1595.067425
80,202,1595.1637
87,206,1595.86964
77,204,1596.096
78,203,1597.001
88,207,1598.371614
89,208,1598.45192
82,203,1599.111591
84,204,1599.172932
79,203,1599.815392
90,209,1600.104
77,205,1600.435
81,203,1600.868759
85,205,1601.092435
80,203,1601.158846
83,204,1602.25986
78,204,1603.44
86,206,1604.542446
79,204,1605.48
87,207,1605.542922
84,205,1606.42428
78,205,1606.585
82,204,1607.506128
81,204,1607.524692
88,208,1608.259536
89,209,1608.43265
85,206,1608.621658
80,204,1608.65118
91,211,1609.719
90,210,1610.50596
83,205,1610.74978
78,206,1611.332
79,205,1611.505
86,207,1612.115586
87,208,1613.435824
78,207,1614.186
82,205,1614.237855
80,205,1614.32006
79,206,1615.04
81,205,1615.07077
84,206,1615.162982
88,209,1616.200553
89,210,1616.55816
85,207,1617.490548
83,206,1617.784744
91,212,1618.332316
90,211,1618.72659
78,208,1618.864
79,207,1619.775
80,206,1621.049432
86,208,1621.207744
81,206,1621.574526
84,207,1622.191311
82,206,1622.324572
87,209,1622.610792
79,208,1623.232
80,207,1624.66227
85,208,1624.80448
88,210,1625.68728
83,207,1625.882535
89,211,1626.216879
79,209,1627.692
91,213,1628.334306
81,207,1628.426979
86,209,1628.564575
90,212,1628.597144
82,207,1629.062262
80,208,1629.511728
87,210,1630.24575
84,208,1630.586464
79,210,1630.86
81,208,1632.214064
83,208,1632.769424
80,209,1632.917
85,209,1633.288393
88,211,1633.369357
89,212,1634.213024
82,208,1636.430224
91,214,1636.582762
90,213,1636.659198
81,209,1637.179973
86,210,1637.29965
84,209,1637.554292
80,210,1637.79
92,215,1638.43416
87,211,1639.12396
83,209,1640.229283
82,209,1640.367432
85,210,1640.44923
81,210,1640.85348
80,211,1641.158
88,212,1642.471696
89,213,1643.407038
86,211,1644.521551
83,210,1644.83382
84,210,1645.21266
82,210,1645.55265
81,211,1645.755901
80,212,1645.756
90,214,1646.155838
91,215,1646.27564
87,212,1646.57114
85,211,1648.195694
92,216,1648.362312
80,213,1648.833
81,212,1649.36
82,211,1649.388477
84,211,1649.763424
83,211,1649.972314
88,213,1649.998536
89,214,1651.189118
86,212,1652.496964
85,212,1653.24808
80,214,1653.578
90,215,1654.000375
81,213,1654.03659
83,212,1654.302356
91,216,1654.411824
82,212,1654.515628
87,213,1654.679211
84,212,1655.771516
80,215,1656.575
92,217,1656.578
81,214,1657.43
86,213,1657.604766
82,213,1658.241636
88,214,1658.322594
85,213,1659.270639
83,213,1659.487473
89,215,1659.673795
84,213,1660.127112
87,214,1660.15636
80,216,1661.04
81,215,1661.95
90,216,1662.694992
91,217,1663.21386
82,214,1663.292316
83,214,1663.52793
88,215,1663.95294
85,214,1664.142324
86,214,1664.299828
81,216,1665.36
93,219,1665.403677
89,216,1665.631296
92,218,1665.676742
84,214,1666.014824
82,215,1666.838455
87,215,1666.9509
83,215,1668.769155
90,217,1668.858898
86,215,1669.22001
91,218,1669.669848
81,217,1669.815
85,215,1670.08947
84,215,1670.15784
88,216,1671.266952
82,216,1671.84
92,219,1672.356051
87,216,1672.369416
83,216,1672.595784
93,220,1672.66
81,218,1672.932
89,217,1673.143346
85,216,1674.648432
82,217,1675.023
86,216,1675.869912
84,216,1675.904904
88,217,1676.739687
90,218,1676.769236
83,217,1677.811016
91,219,1677.884706
89,218,1679.074586
87,217,1679.097175
84,217,1679.87512
82,218,1679.908
86,217,1680.535451
85,217,1680.581672
92,220,1680.8
93,221,1681.147
83,218,1681.396286
90,219,1682.735775
82,219,1683.234
88,218,1684.049564
91,220,1684.32
87,218,1684.42387
85,218,1684.949468
84,218,1685.473104
83,219,1686.3
89,219,1686.420231
86,218,1687.047936
92,221,1687.265164
82,220,1687.84
93,222,1688.088
84,219,1689.219927
88,219,1689.377607
83,220,1690.04
90,220,1690.60958
85,219,1690.722924
87,219,1690.936449
86,219,1691.507163
91,221,1692.191254
89,220,1692.31722
83,221,1694.628
84,220,1694.70928
85,220,1694.81466
92,222,1695.583608
87,220,1696.14324
90,221,1696.409481
88,220,1696.57312
93,223,1696.584
86,220,1697.79588
83,222,1698.078
84,221,1698.270301
91,222,1698.522
89,221,1699.609119
85,221,1700.478975
88,221,1701.950835
86,221,1702.007853
92,223,1702.090762
87,221,1702.419576
83,223,1702.828
93,224,1703.296
84,222,1703.62911
90,222,1704.218076
85,222,1704.379914
89,222,1705.582044
83,224,1706.208
91,223,1706.389533
84,223,1707.065
87,222,1707.390234
86,222,1708.178334
88,222,1708.665624
85,223,1709.976265
90,223,1710.10672
92,224,1710.27696
93,225,1711.700325
86,223,1712.232133
84,224,1712.256
89,223,1712.448889
91,224,1712.919264
87,223,1713.457072
85,224,1713.76464
88,223,1713.823907
84,225,1715.85
92,225,1716.6906
90,224,1717.570176
89,224,1718.112032
87,224,1718.162208
86,224,1718.248224
93,226,1718.504
85,225,1719.225
88,224,1720.302528
91,225,1720.512
84,226,1720.764
94,227,1721.795
86,225,1722.230325
85,226,1723.024
90,225,1723.32495
87,225,1724.1615
84,227,1724.292
89,225,1724.78025
92,226,1724.813016
88,225,1725.20685
93,227,1726.868677
91,226,1726.89086
86,226,1728.08866
85,227,1728.151
87,226,1728.532976
89,226,1730.179612
90,226,1730.508894
94,228,1730.632404
92,227,1731.167603
88,226,1731.603412
95,229,1731.858758
86,227,1732.02135
85,228,1732.116
93,228,1733.906484
91,227,1734.16423
87,227,1734.442305
90,227,1735.972966
88,227,1736.164781
89,227,1736.710489
85,229,1736.965
94,229,1737.39552
86,228,1737.73506
87,228,1738.811904
92,228,1739.062248
95,230,1739.26
91,228,1740.143196
86,229,1741.687438
89,228,1741.736688
93,229,1741.793694
96,231,1742.202
88,228,1742.473584
90,228,1743.07824
87,229,1744.599173
92,229,1745.145109
94,230,1745.92793
88,229,1746.923065
86,230,1747.08
91,229,1747.241146
95,231,1747.746
89,229,1748.012876
90,229,1748.33485
93,230,1748.40848
87,230,1748.85192
86,231,1750.749
96,232,1751.136
97,233,1751.927
94,231,1752.62472
92,230,1752.81206
89,230,1752.9358
91,230,1753.03585
88,230,1753.04022
87,231,1754.3295
95,232,1754.848
90,230,1755.12908
93,231,1756.091568
88,231,1757.411271
96,233,1758.217534
87,232,1758.408504
92,231,1758.692397
89,231,1759.082556
97,234,1759.446
91,231,1759.856406
90,231,1760.247258
94,232,1760.641968
93,232,1762.504
95,233,1763.111
88,232,1763.202088
87,233,1763.632687
89,232,1763.762368
91,232,1765.405392
92,232,1765.960104
90,232,1766.687656
96,234,1766.858418
94,233,1767.024468
88,233,1767.436412
97,235,1768.14
89,233,1769.679969
93,233,1769.910173
95,234,1769.976
90,233,1771.474069
92,233,1771.721748
91,233,1771.933778
88,234,1772.911062
96,235,1773.545
89,234,1774.218186
94,234,1774.79757
97,236,1775.428
93,234,1775.975058
88,235,1776.835
91,234,1777.155822
90,234,1777.66407
95,235,1777.81119
98,237,1778.293239
92,234,1778.56731
89,235,1779.77344
94,235,1781.036565
96,236,1781.870564
90,235,1782.330475
93,235,1782.95816
91,235,1783.277055
92,235,1783.86479
97,237,1783.899
89,236,1783.981112
95,236,1784.396
98,238,1787.142
99,239,1787.959
90,236,1788.164448
91,236,1788.303452
94,236,1788.388648
96,237,1788.549888
93,236,1788.694504
89,237,1789.35
92,236,1790.410224
97,238,1790.95
95,237,1791.957
90,237,1792.535991
98,239,1794.173
91,237,1794.181008
94,237,1794.269883
93,237,1795.272393
99,240,1795.44
92,237,1795.536174
96,238,1796.423048
100,241,1797.86
90,238,1798.09
95,238,1798.228992
91,238,1798.885872
97,239,1798.953
93,238,1800.760598
94,238,1801.26968
92,238,1801.68975
90,239,1802.299
98,240,1802.4552
96,239,1802.792535
99,241,1803.885
91,239,1804.45
95,239,1805.331432
97,240,1805.52
92,239,1806.496079
100,242,1806.53
94,239,1806.916002
93,239,1806.975513
91,240,1809.12
98,241,1809.187
96,240,1810.28664
99,242,1810.886
95,240,1811.28312
93,240,1812.04152
92,240,1812.4248
97,241,1813.284
94,240,1813.45008
100,243,1813.752
91,241,1814.248
96,241,1816.380368
92,241,1816.899
98,242,1817.201716
95,241,1817.929998
93,241,1818.16907
94,241,1818.691799
99,243,1819.098
97,242,1819.598
100,244,1822.192
92,242,1822.744
93,242,1823.083526
101,245,1823.29
96,242,1823.349726
95,242,1823.467822
98,243,1823.715
94,242,1825.001134
99,244,1825.852
97,243,1826.752743
92,243,1826.874
93,243,1828.575
96,243,1829.042775
100,245,1829.17
95,243,1829.832039
94,243,1830.034944
101,246,1830.486
98,244,1831.253184
97,244,1832.7999
93,244,1833.416
99,245,1833.58
95,244,1835.199152
96,244,1835.844288
94,244,1836.05486
100,246,1837.12062
98,245,1837.417435
101,247,1838.668
93,245,1838.725
97,245,1839.77115
99,246,1840.08
94,245,1840.753845
102,248,1841.152
95,245,1841.249235
96,245,1841.362915
100,247,1843.608
98,246,1844.783766
101,248,1845.616
97,246,1845.689538
95,246,1846.23
94,246,1846.608594
99,247,1847.5847
96,246,1847.821866
102,249,1848.078
98,247,1850.841395
94,247,1851.018
100,248,1851.554112
97,247,1852.23818
95,247,1852.253
96,247,1852.976957
101,249,1853.556
99,248,1854.048
102,250,1856.5
95,248,1856.776
103,251,1857.651
97,248,1857.768
98,248,1857.778664
100,249,1858.004136
96,248,1859.188544
101,250,1860.25
99,249,1861.026
95,249,1862.271
102,251,1863.173
98,249,1863.365106
96,249,1863.90195
97,249,1864.02396
103,252,1864.548
100,250,1865.5225
104,253,1867.14
99,250,1867.25
101,251,1867.9169
97,250,1868.99175
96,250,1869.7345
98,250,1869.989
102,252,1871.301096
100,251,1871.71202
103,253,1872.959
99,251,1873.936131
96,251,1874.147222
101,252,1874.376
97,251,1874.785013
98,251,1875.0955
104,254,1875.536
105,255,1876.545
102,253,1877.885163
100,252,1878.921576
99,252,1879.224984
103,254,1879.6
97,252,1879.668
96,252,1879.92
98,252,1881.267444
101,253,1881.814
104,255,1882.41
105,256,1883.648
100,253,1884.46291
97,253,1885.103
99,253,1885.580411
102,254,1885.59186
98,253,1886.071737
103,255,1887.65688
101,254,1887.728
97,254,1889.76
104,256,1890.671104
99,254,1890.671606
100,254,1890.977168
102,255,1891.57929
105,257,1892.034
98,254,1892.10315
103,256,1893.92896
106,258,1894.236
101,255,1894.325895
100,255,1896.15144
99,255,1896.644355
98,255,1896.69
104,257,1897.097928
105,258,1898.364
102,256,1898.635776
101,256,1899.776
103,257,1901.029
106,259,1901.06
107,260,1901.38
99,256,1901.568
100,256,1902.53568
98,256,1902.592
102,257,1904.281849
104,258,1904.694804
101,257,1906.318574
105,259,1906.333758
103,258,1907.136
99,257,1907.454
100,257,1907.503858
106,260,1909.06612
107,261,1909.737
104,259,1910.643
102,258,1911.006
101,258,1911.69615
99,258,1912.296
105,260,1912.82
100,258,1913.844
103,259,1914.01
106,261,1915.67997
107,262,1916.53
102,259,1916.593266
101,259,1917.895
104,260,1918.02
100,259,1918.413
108,263,1918.585
103,260,1919.58
105,261,1920.177
101,260,1922.96
102,260,1923.22
106,262,1923.39047
104,261,1923.931224
100,260,1924.52
107,263,1924.634
105,262,1926.224
103,261,1926.441
108,264,1926.771
109,265,1926.815
102,261,1928.268
101,261,1929.051
106,263,1929.631
104,262,1930.94
107,264,1931.16
103,262,1931.988
108,265,1933.505455
105,263,1933.576
109,266,1933.82
101,262,1934.084
102,262,1934.87
110,267,1935.216
104,263,1936.732
106,264,1937.232
103,263,1938.573
107,265,1938.74
105,264,1939.344
102,263,1939.888
108,266,1941.340618
109,267,1941.891
106,265,1943.245
104,264,1943.304
110,268,1943.536
103,264,1943.832
107,266,1945.258
102,264,1945.944
105,265,1946.16
108,267,1947.765
109,268,1948.628
104,265,1948.81
103,265,1950.135
110,269,1950.291426
106,266,1950.312
105,266,1952.174
107,267,1952.571
103,266,1954.834
104,266,1955.632
108,268,1955.864
106,267,1956.309
109,269,1956.437
110,270,1958.51925
107,268,1958.544
105,267,1958.712
104,267,1960.314
108,269,1962.086
109,270,1963.17
106,268,1963.368
105,268,1963.904
110,271,1965.292
111,272,1965.744
107,269,1966.121
104,268,1966.316
106,269,1968.542
108,270,1969.65
105,269,1969.887
109,271,1970.983
107,270,1971.27
110,272,1973.36
111,273,1974.063
105,270,1974.78
106,270,1974.78
108,271,1975.048
109,272,1976.624
107,271,1977.758
110,273,1978.977
106,271,1979.655
111,274,1980.198
108,272,1981.792
107,272,1982.88
109,273,1983.345
106,272,1985.872
110,274,1986.226
108,273,1987.167
111,275,1987.425
109,274,1988.966
107,273,1989.078
112,276,1989.684
106,273,1990.443
110,275,1992.1
111,276,1993.272
108,274,1993.624
107,274,1994.172
109,275,1995.4
112,277,1995.785
113,278,1996.596
108,275,1998.425
110,276,1999.068
107,275,2000.075
111,277,2000.494
109,276,2001
112,278,2003.268
113,279,2004.336
110,277,2004.649
108,276,2004.864
111,278,2006.604
109,277,2007.419
112,279,2009.358
108,277,2009.635
113,280,2010.4
110,278,2011.33
109,278,2012.72
111,279,2013.264
112,280,2016.56
110,279,2016.612
113,281,2017.861
109,279,2019.123
111,280,2019.36
112,281,2022.357
110,280,2023.28
113,282,2023.914
111,281,2026.01
110,281,2028.539
112,282,2029.554
113,283,2031.091
111,282,2031.528
114,284,2034.008
112,283,2035.053
113,284,2037.132
111,283,2038.166
114,285,2040.03
112,284,2041.96
113,285,2044.305
112,285,2047.44
114,286,2047.474
115,287,2048.606
113,286,2050.048
114,287,2053.198
115,288,2054.88
113,287,2056.929
116,289,2057.391
114,288,2060.352
115,289,2062.015
116,290,2064.8
117,291,2065.518
114,289,2065.772
115,290,2067.7
116,291,2070.756
117,292,2071.74
118,293,2073.561
115,291,2074.83
116,292,2077.872
117,293,2078.835
118,294,2081.226
116,293,2083.523
117,294,2085.048
118,295,2087.125
